{"info":{"year":"2025","version":"1","description":"Exported from roboflow.com","contributor":"","url":"https://app.roboflow.com/datasets/fruit-detection-okahq-cegjv/1","date_created":"2025-03-09T08:51:31+00:00"},"licenses":[{"id":1,"url":"https://creativecommons.org/licenses/by/4.0/","name":"CC BY 4.0"}],"categories":[{"id":0,"name":"Mango-Apple-Orange","supercategory":"none"},{"id":1,"name":"apple","supercategory":"Mango-Apple-Orange"},{"id":2,"name":"banana","supercategory":"Mango-Apple-Orange"},{"id":3,"name":"orange","supercategory":"Mango-Apple-Orange"}],"images":[{"id":0,"license":1,"file_name":"097_jpg.rf.12736949552d90f087b2bbcd49d033ec.jpg","height":350,"width":528,"date_captured":"2025-03-09T08:51:31+00:00","extra":{"name":"097.jpg"}},{"id":1,"license":1,"file_name":"011_jpg.rf.0f1aca35a1b1d829b105dc1e62fe2443.jpg","height":439,"width":780,"date_captured":"2025-03-09T08:51:31+00:00","extra":{"name":"011.jpg"}},{"id":2,"license":1,"file_name":"049_jpg.rf.135131b507b6dd4aa85717bd2b0e77a1.jpg","height":757,"width":800,"date_captured":"2025-03-09T08:51:31+00:00","extra":{"name":"049.jpg"}},{"id":3,"license":1,"file_name":"050_jpg.rf.0299ed7d67da2d318c55b21ab2162dc4.jpg","height":645,"width":645,"date_captured":"2025-03-09T08:51:31+00:00","extra":{"name":"050.jpg"}},{"id":4,"license":1,"file_name":"280_jpg.rf.010d3f0c3206d81585aa0d29a454946b.jpg","height":600,"width":800,"date_captured":"2025-03-09T08:51:31+00:00","extra":{"name":"280.jpg"}},{"id":5,"license":1,"file_name":"040_jpg.rf.2569a3fb1f423466be38947416b628fa.jpg","height":936,"width":1023,"date_captured":"2025-03-09T08:51:31+00:00","extra":{"name":"040.jpg"}},{"id":6,"license":1,"file_name":"095_jpg.rf.1e363cb15fe5b3afe0fa4dbd09348ffe.jpg","height":533,"width":800,"date_captured":"2025-03-09T08:51:31+00:00","extra":{"name":"095.jpg"}},{"id":7,"license":1,"file_name":"204_jpg.rf.1d33de08339110e526c104717bc38980.jpg","height":745,"width":800,"date_captured":"2025-03-09T08:51:31+00:00","extra":{"name":"204.jpg"}},{"id":8,"license":1,"file_name":"134_jpg.rf.02d95c41986c4603636a240b121500e6.jpg","height":400,"width":500,"date_captured":"2025-03-09T08:51:31+00:00","extra":{"name":"134.jpg"}},{"id":9,"license":1,"file_name":"062_jpg.rf.0b9e430e5349e4d655fbf6372dd46793.jpg","height":720,"width":960,"date_captured":"2025-03-09T08:51:31+00:00","extra":{"name":"062.jpg"}},{"id":10,"license":1,"file_name":"018_jpg.rf.0066c369064c7cd93e94d29267debe9e.jpg","height":452,"width":602,"date_captured":"2025-03-09T08:51:31+00:00","extra":{"name":"018.jpg"}},{"id":11,"license":1,"file_name":"115_jpg.rf.088e606c0d40a1e4bb9279410c329593.jpg","height":355,"width":355,"date_captured":"2025-03-09T08:51:31+00:00","extra":{"name":"115.jpg"}},{"id":12,"license":1,"file_name":"209_jpg.rf.1f74df7c2310df0300ba5729a7431375.jpg","height":957,"width":1300,"date_captured":"2025-03-09T08:51:31+00:00","extra":{"name":"209.jpg"}},{"id":13,"license":1,"file_name":"074_jpg.rf.260a72cdec6c7a05fcc8f07bdf34e201.jpg","height":640,"width":1024,"date_captured":"2025-03-09T08:51:31+00:00","extra":{"name":"074.jpg"}},{"id":14,"license":1,"file_name":"147_jpg.rf.24dba43a29d6f0831029333f6ca029ac.jpg","height":257,"width":343,"date_captured":"2025-03-09T08:51:31+00:00","extra":{"name":"147.jpg"}},{"id":15,"license":1,"file_name":"273_jpg.rf.122ee30c46ce9686b0199b83d60ea30f.jpg","height":380,"width":500,"date_captured":"2025-03-09T08:51:31+00:00","extra":{"name":"273.jpg"}},{"id":16,"license":1,"file_name":"132_jpg.rf.2158f397c5787eb87b1a25d9ac90ba04.jpg","height":800,"width":800,"date_captured":"2025-03-09T08:51:31+00:00","extra":{"name":"132.jpg"}},{"id":17,"license":1,"file_name":"014_jpg.rf.26cdbfdf784a451c040eaa51d22f1cd4.jpg","height":375,"width":500,"date_captured":"2025-03-09T08:51:31+00:00","extra":{"name":"014.jpg"}},{"id":18,"license":1,"file_name":"187_jpg.rf.1c6fbb7fdfcaf4d8396910b40dc009bc.jpg","height":1088,"width":1292,"date_captured":"2025-03-09T08:51:31+00:00","extra":{"name":"187.jpg"}},{"id":19,"license":1,"file_name":"051_jpg.rf.000eb6503e5ad3dcbbd066aa8be68aa0.jpg","height":1046,"width":1400,"date_captured":"2025-03-09T08:51:31+00:00","extra":{"name":"051.jpg"}},{"id":20,"license":1,"file_name":"154_jpg.rf.29cf27b43a2778d6fa9c4ebae9ac0021.jpg","height":525,"width":700,"date_captured":"2025-03-09T08:51:31+00:00","extra":{"name":"154.jpg"}},{"id":21,"license":1,"file_name":"024_jpg.rf.2aaaa12af651920cdd994f5352daa4a3.jpg","height":1390,"width":1300,"date_captured":"2025-03-09T08:51:31+00:00","extra":{"name":"024.jpg"}},{"id":22,"license":1,"file_name":"195_jpg.rf.1e95d8ad5cc8d064058349164fd96c77.jpg","height":797,"width":1300,"date_captured":"2025-03-09T08:51:31+00:00","extra":{"name":"195.jpg"}},{"id":23,"license":1,"file_name":"260_jpg.rf.2a277c997739b360f3c97da6f9945342.jpg","height":1010,"width":1010,"date_captured":"2025-03-09T08:51:31+00:00","extra":{"name":"260.jpg"}},{"id":24,"license":1,"file_name":"169_jpg.rf.2ae22109dbaa218b97dc573848d7979a.jpg","height":500,"width":500,"date_captured":"2025-03-09T08:51:31+00:00","extra":{"name":"169.jpg"}},{"id":25,"license":1,"file_name":"133_jpg.rf.32c1d1761f9e30926a15b0f763c26fc0.jpg","height":254,"width":390,"date_captured":"2025-03-09T08:51:31+00:00","extra":{"name":"133.jpg"}},{"id":26,"license":1,"file_name":"166_jpg.rf.4636363122967b6c69d4eaf5c155362b.jpg","height":1124,"width":1500,"date_captured":"2025-03-09T08:51:31+00:00","extra":{"name":"166.jpg"}},{"id":27,"license":1,"file_name":"019_jpg.rf.37a85bfef66f33280fcc543cef922ff6.jpg","height":900,"width":1940,"date_captured":"2025-03-09T08:51:31+00:00","extra":{"name":"019.jpg"}},{"id":28,"license":1,"file_name":"029_jpg.rf.4702a62643697293410e4c4132a67ba1.jpg","height":364,"width":319,"date_captured":"2025-03-09T08:51:31+00:00","extra":{"name":"029.jpg"}},{"id":29,"license":1,"file_name":"270_jpg.rf.433419b915fc6d7ce90ae55372936b9e.jpg","height":355,"width":630,"date_captured":"2025-03-09T08:51:31+00:00","extra":{"name":"270.jpg"}},{"id":30,"license":1,"file_name":"262_jpg.rf.30bf5ff7ce23b345f56be73ea8e234a5.jpg","height":708,"width":1000,"date_captured":"2025-03-09T08:51:31+00:00","extra":{"name":"262.jpg"}},{"id":31,"license":1,"file_name":"221_jpg.rf.2c84e6c4c7fcb0802779d40e27d8eebe.jpg","height":533,"width":800,"date_captured":"2025-03-09T08:51:31+00:00","extra":{"name":"221.jpg"}},{"id":32,"license":1,"file_name":"044_jpg.rf.4689f7a43b7fedce4afc7e84551b717e.jpg","height":229,"width":300,"date_captured":"2025-03-09T08:51:31+00:00","extra":{"name":"044.jpg"}},{"id":33,"license":1,"file_name":"038_jpg.rf.398b75d674414350d555990d245f6ea4.jpg","height":327,"width":640,"date_captured":"2025-03-09T08:51:31+00:00","extra":{"name":"038.jpg"}},{"id":34,"license":1,"file_name":"114_jpg.rf.4d8a38e866391fbe197f034278b5daae.jpg","height":798,"width":1200,"date_captured":"2025-03-09T08:51:31+00:00","extra":{"name":"114.jpg"}},{"id":35,"license":1,"file_name":"236_jpg.rf.4c5e84106519e50f646ff83a9da8e504.jpg","height":1200,"width":1920,"date_captured":"2025-03-09T08:51:31+00:00","extra":{"name":"236.jpg"}},{"id":36,"license":1,"file_name":"294_jpg.rf.3fad848313066c9d108db17c2f1c83e1.jpg","height":810,"width":720,"date_captured":"2025-03-09T08:51:31+00:00","extra":{"name":"294.jpg"}},{"id":37,"license":1,"file_name":"120_jpg.rf.3559494e9332b087e274a905baacc1fa.jpg","height":720,"width":540,"date_captured":"2025-03-09T08:51:31+00:00","extra":{"name":"120.jpg"}},{"id":38,"license":1,"file_name":"180_jpg.rf.32d65770a075510b82ee48f9506842e6.jpg","height":320,"width":450,"date_captured":"2025-03-09T08:51:31+00:00","extra":{"name":"180.jpg"}},{"id":39,"license":1,"file_name":"075_jpg.rf.49cfdd0daadd5ac3265ee6266acc5d47.jpg","height":195,"width":200,"date_captured":"2025-03-09T08:51:31+00:00","extra":{"name":"075.jpg"}},{"id":40,"license":1,"file_name":"175_jpg.rf.4cd4c6817f7e0262b1186e17aca62f1f.jpg","height":1080,"width":1920,"date_captured":"2025-03-09T08:51:31+00:00","extra":{"name":"175.jpg"}},{"id":41,"license":1,"file_name":"122_jpg.rf.48937b0e3719734382791d0683c14a55.jpg","height":1200,"width":1600,"date_captured":"2025-03-09T08:51:31+00:00","extra":{"name":"122.jpg"}},{"id":42,"license":1,"file_name":"029_jpg.rf.4e9dcbae5ee87faa161f6fac3e34b36d.jpg","height":364,"width":319,"date_captured":"2025-03-09T08:51:31+00:00","extra":{"name":"029.jpg"}},{"id":43,"license":1,"file_name":"220_jpg.rf.436e53b35cad67c48bf7abcbdbdd2bb6.jpg","height":476,"width":634,"date_captured":"2025-03-09T08:51:31+00:00","extra":{"name":"220.jpg"}},{"id":44,"license":1,"file_name":"200_jpg.rf.2f9e57e0c85512ce5796752ef5d83735.jpg","height":587,"width":950,"date_captured":"2025-03-09T08:51:31+00:00","extra":{"name":"200.jpg"}},{"id":45,"license":1,"file_name":"098_jpg.rf.4b2805a9a222f4ab9d3dfa0b33f64108.jpg","height":500,"width":500,"date_captured":"2025-03-09T08:51:31+00:00","extra":{"name":"098.jpg"}},{"id":46,"license":1,"file_name":"177_jpg.rf.4896bac76fa9a543372a9014181737f1.jpg","height":768,"width":1024,"date_captured":"2025-03-09T08:51:31+00:00","extra":{"name":"177.jpg"}},{"id":47,"license":1,"file_name":"044_jpg.rf.3328ae6f70e5adfcc68b24b489539018.jpg","height":229,"width":300,"date_captured":"2025-03-09T08:51:31+00:00","extra":{"name":"044.jpg"}},{"id":48,"license":1,"file_name":"151_jpg.rf.55f0d4ce9184938cb25a57ad5273bd8a.jpg","height":651,"width":650,"date_captured":"2025-03-09T08:51:31+00:00","extra":{"name":"151.jpg"}},{"id":49,"license":1,"file_name":"038_jpg.rf.2b569fa4ef9228fb3f1d28a72f820060.jpg","height":327,"width":640,"date_captured":"2025-03-09T08:51:31+00:00","extra":{"name":"038.jpg"}},{"id":50,"license":1,"file_name":"129_jpg.rf.525fd06c5ddf20d62e4f045e02b24656.jpg","height":1749,"width":1500,"date_captured":"2025-03-09T08:51:31+00:00","extra":{"name":"129.jpg"}},{"id":51,"license":1,"file_name":"256_jpg.rf.3e54662419bd78741d228bfea837c980.jpg","height":564,"width":800,"date_captured":"2025-03-09T08:51:31+00:00","extra":{"name":"256.jpg"}},{"id":52,"license":1,"file_name":"106_jpg.rf.4dd00c64e732c6a1d3680a7682ca6745.jpg","height":1394,"width":2091,"date_captured":"2025-03-09T08:51:31+00:00","extra":{"name":"106.jpg"}},{"id":53,"license":1,"file_name":"300_jpg.rf.5163e02fc9e6c23e9b9fcb5d7db1f69d.jpg","height":340,"width":490,"date_captured":"2025-03-09T08:51:31+00:00","extra":{"name":"300.jpg"}},{"id":54,"license":1,"file_name":"214_jpg.rf.585a882afd64984cdd4629beafea5df4.jpg","height":240,"width":333,"date_captured":"2025-03-09T08:51:31+00:00","extra":{"name":"214.jpg"}},{"id":55,"license":1,"file_name":"047_jpg.rf.55165fc064b966230021b38f07cb4510.jpg","height":320,"width":600,"date_captured":"2025-03-09T08:51:31+00:00","extra":{"name":"047.jpg"}},{"id":56,"license":1,"file_name":"247_jpg.rf.31af2e9f469ffec674df5a1577d943c3.jpg","height":350,"width":350,"date_captured":"2025-03-09T08:51:31+00:00","extra":{"name":"247.jpg"}},{"id":57,"license":1,"file_name":"272_jpg.rf.5b763004a581b82e5971716213016002.jpg","height":470,"width":416,"date_captured":"2025-03-09T08:51:31+00:00","extra":{"name":"272.jpg"}},{"id":58,"license":1,"file_name":"071_jpg.rf.70431cf9ea9d68ec407b0764e3958b08.jpg","height":300,"width":271,"date_captured":"2025-03-09T08:51:31+00:00","extra":{"name":"071.jpg"}},{"id":59,"license":1,"file_name":"239_jpg.rf.5d9df37f674fa80acdd21cbd78e6c498.jpg","height":160,"width":196,"date_captured":"2025-03-09T08:51:31+00:00","extra":{"name":"239.jpg"}},{"id":60,"license":1,"file_name":"282_jpg.rf.618c6ce9e2b3a6cb3119bd21f2c5925f.jpg","height":900,"width":1200,"date_captured":"2025-03-09T08:51:31+00:00","extra":{"name":"282.jpg"}},{"id":61,"license":1,"file_name":"289_jpg.rf.71e5771515853cffb1bf91ba625e77cc.jpg","height":500,"width":500,"date_captured":"2025-03-09T08:51:31+00:00","extra":{"name":"289.jpg"}},{"id":62,"license":1,"file_name":"267_jpg.rf.74ab72a23589bb4168c170da7ee2d78a.jpg","height":682,"width":1023,"date_captured":"2025-03-09T08:51:31+00:00","extra":{"name":"267.jpg"}},{"id":63,"license":1,"file_name":"250_jpg.rf.5dd3c9b5b1a02eea33406b03536822a4.jpg","height":500,"width":500,"date_captured":"2025-03-09T08:51:31+00:00","extra":{"name":"250.jpg"}},{"id":64,"license":1,"file_name":"194_jpg.rf.6d86f756ef9d691bd8e9d7e226ccb2f2.jpg","height":630,"width":1200,"date_captured":"2025-03-09T08:51:31+00:00","extra":{"name":"194.jpg"}},{"id":65,"license":1,"file_name":"211_jpg.rf.741ee94e4c1faecbe672ff997809a657.jpg","height":1980,"width":1320,"date_captured":"2025-03-09T08:51:31+00:00","extra":{"name":"211.jpg"}},{"id":66,"license":1,"file_name":"162_jpg.rf.68648247aea9feb555265f2485042ec7.jpg","height":990,"width":1300,"date_captured":"2025-03-09T08:51:31+00:00","extra":{"name":"162.jpg"}},{"id":67,"license":1,"file_name":"266_jpg.rf.61d304fa09987cd89caa2964fb151eb8.jpg","height":232,"width":350,"date_captured":"2025-03-09T08:51:31+00:00","extra":{"name":"266.jpg"}},{"id":68,"license":1,"file_name":"020_jpg.rf.7c95a641067ec61a6b6929aef8bce5a2.jpg","height":366,"width":650,"date_captured":"2025-03-09T08:51:31+00:00","extra":{"name":"020.jpg"}},{"id":69,"license":1,"file_name":"248_jpg.rf.3d812e05e72a43a04e9dabe50968710f.jpg","height":306,"width":350,"date_captured":"2025-03-09T08:51:31+00:00","extra":{"name":"248.jpg"}},{"id":70,"license":1,"file_name":"181_jpg.rf.789cf47c8d4d1043ac3b57577c45f9ae.jpg","height":355,"width":344,"date_captured":"2025-03-09T08:51:31+00:00","extra":{"name":"181.jpg"}},{"id":71,"license":1,"file_name":"298_jpg.rf.79a8c8b0be6c23f1fb8d76c5f02858f3.jpg","height":768,"width":1024,"date_captured":"2025-03-09T08:51:31+00:00","extra":{"name":"298.jpg"}},{"id":72,"license":1,"file_name":"084_jpg.rf.74e1fa0118205e44d86ee39ce5c7d945.jpg","height":1225,"width":1300,"date_captured":"2025-03-09T08:51:31+00:00","extra":{"name":"084.jpg"}},{"id":73,"license":1,"file_name":"019_jpg.rf.7a4645fa6be9940f746afc78a26716bc.jpg","height":900,"width":1940,"date_captured":"2025-03-09T08:51:31+00:00","extra":{"name":"019.jpg"}},{"id":74,"license":1,"file_name":"053_jpg.rf.792e920967a3f95fd0666836af5b4284.jpg","height":797,"width":800,"date_captured":"2025-03-09T08:51:31+00:00","extra":{"name":"053.jpg"}},{"id":75,"license":1,"file_name":"131_jpg.rf.68f6898da4457414c78ae682bc9dd5f4.jpg","height":1200,"width":1999,"date_captured":"2025-03-09T08:51:31+00:00","extra":{"name":"131.jpg"}},{"id":76,"license":1,"file_name":"090_jpg.rf.7663868ec9a8db6047f267c29654f0cf.jpg","height":250,"width":196,"date_captured":"2025-03-09T08:51:31+00:00","extra":{"name":"090.jpg"}},{"id":77,"license":1,"file_name":"046_jpg.rf.74b35e0263f28d0b184f5795494e37a3.jpg","height":595,"width":1000,"date_captured":"2025-03-09T08:51:31+00:00","extra":{"name":"046.jpg"}},{"id":78,"license":1,"file_name":"046_jpg.rf.7c7decdcbcab189f13b1d068b2fa014c.jpg","height":595,"width":1000,"date_captured":"2025-03-09T08:51:31+00:00","extra":{"name":"046.jpg"}},{"id":79,"license":1,"file_name":"002_jpg.rf.85098927ee741d479d38e86077bdb982.jpg","height":1200,"width":1600,"date_captured":"2025-03-09T08:51:31+00:00","extra":{"name":"002.jpg"}},{"id":80,"license":1,"file_name":"069_jpg.rf.852cb9c85d8eb0f89f9c87e615b158d5.jpg","height":1332,"width":1300,"date_captured":"2025-03-09T08:51:31+00:00","extra":{"name":"069.jpg"}},{"id":81,"license":1,"file_name":"271_jpg.rf.7fb6017af062730d6e5a265a691f9116.jpg","height":1205,"width":1600,"date_captured":"2025-03-09T08:51:31+00:00","extra":{"name":"271.jpg"}},{"id":82,"license":1,"file_name":"057_jpg.rf.762eb5e92d07269510cd45cea46e0d43.jpg","height":282,"width":425,"date_captured":"2025-03-09T08:51:31+00:00","extra":{"name":"057.jpg"}},{"id":83,"license":1,"file_name":"291_jpg.rf.847a4303fe99059e3b3dc5003d3d4045.jpg","height":398,"width":600,"date_captured":"2025-03-09T08:51:31+00:00","extra":{"name":"291.jpg"}},{"id":84,"license":1,"file_name":"225_jpg.rf.8f4ceae0f6cadd99926cc821c4872678.jpg","height":674,"width":1199,"date_captured":"2025-03-09T08:51:31+00:00","extra":{"name":"225.jpg"}},{"id":85,"license":1,"file_name":"288_jpg.rf.883960539c666f3568ee537474c429d6.jpg","height":261,"width":300,"date_captured":"2025-03-09T08:51:31+00:00","extra":{"name":"288.jpg"}},{"id":86,"license":1,"file_name":"080_jpg.rf.8e0f3e04cd7d4af9f98dbb5ef011324c.jpg","height":320,"width":700,"date_captured":"2025-03-09T08:51:31+00:00","extra":{"name":"080.jpg"}},{"id":87,"license":1,"file_name":"212_jpg.rf.90cf2c224a291536816c23bdcd0c116e.jpg","height":500,"width":500,"date_captured":"2025-03-09T08:51:31+00:00","extra":{"name":"212.jpg"}},{"id":88,"license":1,"file_name":"244_jpg.rf.85c7a0bfeb25e759d77461b238ef8d6a.jpg","height":640,"width":640,"date_captured":"2025-03-09T08:51:31+00:00","extra":{"name":"244.jpg"}},{"id":89,"license":1,"file_name":"126_jpg.rf.8d8746ab0115a902302d40430e4b73af.jpg","height":1390,"width":1300,"date_captured":"2025-03-09T08:51:31+00:00","extra":{"name":"126.jpg"}},{"id":90,"license":1,"file_name":"176_jpg.rf.91cf247b4df252fa0d714ca371e7a1c3.jpg","height":780,"width":724,"date_captured":"2025-03-09T08:51:31+00:00","extra":{"name":"176.jpg"}},{"id":91,"license":1,"file_name":"022_jpg.rf.964d1140d977e2d7e9774554b2bc1700.jpg","height":1500,"width":1500,"date_captured":"2025-03-09T08:51:31+00:00","extra":{"name":"022.jpg"}},{"id":92,"license":1,"file_name":"072_jpg.rf.941f6d2b4370c366e640e686c76b408f.jpg","height":219,"width":438,"date_captured":"2025-03-09T08:51:31+00:00","extra":{"name":"072.jpg"}},{"id":93,"license":1,"file_name":"295_jpg.rf.95864edacc02c76d3402cddffa395aed.jpg","height":290,"width":290,"date_captured":"2025-03-09T08:51:31+00:00","extra":{"name":"295.jpg"}},{"id":94,"license":1,"file_name":"012_jpg.rf.9918d4d5712d71c0d5fb1aa6b29e7a6d.jpg","height":676,"width":800,"date_captured":"2025-03-09T08:51:31+00:00","extra":{"name":"012.jpg"}},{"id":95,"license":1,"file_name":"191_jpg.rf.a335d5e42894def70484766ed1fc5404.jpg","height":512,"width":718,"date_captured":"2025-03-09T08:51:31+00:00","extra":{"name":"191.jpg"}},{"id":96,"license":1,"file_name":"130_jpg.rf.8d5c2e7be60afd816f7323ac0a126ede.jpg","height":1000,"width":1000,"date_captured":"2025-03-09T08:51:31+00:00","extra":{"name":"130.jpg"}},{"id":97,"license":1,"file_name":"015_jpg.rf.92653bc096ece891d0c91728c3f88949.jpg","height":1024,"width":1024,"date_captured":"2025-03-09T08:51:31+00:00","extra":{"name":"015.jpg"}},{"id":98,"license":1,"file_name":"037_jpg.rf.a464578fdc9bfd4eac0867ba95dcc5be.jpg","height":343,"width":440,"date_captured":"2025-03-09T08:51:31+00:00","extra":{"name":"037.jpg"}},{"id":99,"license":1,"file_name":"105_jpg.rf.9fd4e5ec255e16f2e3b4b9ab4b293330.jpg","height":500,"width":600,"date_captured":"2025-03-09T08:51:31+00:00","extra":{"name":"105.jpg"}},{"id":100,"license":1,"file_name":"016_jpg.rf.9d1d9c5f79f5bde03f2002f7f8f9f65f.jpg","height":188,"width":282,"date_captured":"2025-03-09T08:51:31+00:00","extra":{"name":"016.jpg"}},{"id":101,"license":1,"file_name":"240_jpg.rf.ad13824203f50bdc8857b3ce195823ce.jpg","height":268,"width":355,"date_captured":"2025-03-09T08:51:31+00:00","extra":{"name":"240.jpg"}},{"id":102,"license":1,"file_name":"293_jpg.rf.abbae7dd24d889d76c2d9754bc61ab06.jpg","height":1080,"width":1620,"date_captured":"2025-03-09T08:51:31+00:00","extra":{"name":"293.jpg"}},{"id":103,"license":1,"file_name":"263_jpg.rf.a69dc4198e9eb237e606153db19db595.jpg","height":1800,"width":1200,"date_captured":"2025-03-09T08:51:31+00:00","extra":{"name":"263.jpg"}},{"id":104,"license":1,"file_name":"171_jpg.rf.a992bfe174dc1f8f9a2fbe2721a30910.jpg","height":600,"width":800,"date_captured":"2025-03-09T08:51:31+00:00","extra":{"name":"171.jpg"}},{"id":105,"license":1,"file_name":"128_jpg.rf.9ba23a1ac77915a66d39c911037c5bf3.jpg","height":600,"width":800,"date_captured":"2025-03-09T08:51:31+00:00","extra":{"name":"128.jpg"}},{"id":106,"license":1,"file_name":"276_jpg.rf.abc7ee0557debf54a022102390d96ca9.jpg","height":565,"width":850,"date_captured":"2025-03-09T08:51:31+00:00","extra":{"name":"276.jpg"}},{"id":107,"license":1,"file_name":"088_jpg.rf.b343be014afe0a9da06b845c57109a2f.jpg","height":360,"width":460,"date_captured":"2025-03-09T08:51:31+00:00","extra":{"name":"088.jpg"}},{"id":108,"license":1,"file_name":"012_jpg.rf.a062943c95777a170b54091ffdd4477f.jpg","height":676,"width":800,"date_captured":"2025-03-09T08:51:31+00:00","extra":{"name":"012.jpg"}},{"id":109,"license":1,"file_name":"068_jpg.rf.9c21cccdddb243fb4ce5139f7f7c8964.jpg","height":263,"width":350,"date_captured":"2025-03-09T08:51:31+00:00","extra":{"name":"068.jpg"}},{"id":110,"license":1,"file_name":"297_jpg.rf.ae1f06376b6654b27f2ed9e25aaa8e61.jpg","height":420,"width":634,"date_captured":"2025-03-09T08:51:31+00:00","extra":{"name":"297.jpg"}},{"id":111,"license":1,"file_name":"014_jpg.rf.adbccb6d3764d3a0d0220c7148e28a42.jpg","height":375,"width":500,"date_captured":"2025-03-09T08:51:31+00:00","extra":{"name":"014.jpg"}},{"id":112,"license":1,"file_name":"020_jpg.rf.b540f2fdc36b57ccf540fde7c9f534a1.jpg","height":366,"width":650,"date_captured":"2025-03-09T08:51:31+00:00","extra":{"name":"020.jpg"}},{"id":113,"license":1,"file_name":"077_jpg.rf.af4bd336a5407286ee63fe56e5ff5df2.jpg","height":330,"width":660,"date_captured":"2025-03-09T08:51:31+00:00","extra":{"name":"077.jpg"}},{"id":114,"license":1,"file_name":"227_jpg.rf.a1dff3ec3a1f51fe4d0bb0c69c6df502.jpg","height":360,"width":300,"date_captured":"2025-03-09T08:51:31+00:00","extra":{"name":"227.jpg"}},{"id":115,"license":1,"file_name":"143_jpg.rf.ae218ea115e96c04724f36a652815752.jpg","height":450,"width":298,"date_captured":"2025-03-09T08:51:31+00:00","extra":{"name":"143.jpg"}},{"id":116,"license":1,"file_name":"116_jpg.rf.b95a0190bffaf8fbf5347728b23bfe7b.jpg","height":549,"width":732,"date_captured":"2025-03-09T08:51:31+00:00","extra":{"name":"116.jpg"}},{"id":117,"license":1,"file_name":"002_jpg.rf.b1827298ca541b6c549c3e6e58159549.jpg","height":1200,"width":1600,"date_captured":"2025-03-09T08:51:31+00:00","extra":{"name":"002.jpg"}},{"id":118,"license":1,"file_name":"061_jpg.rf.b02096d7c5eb62db025d6b21ccc08cf6.jpg","height":250,"width":250,"date_captured":"2025-03-09T08:51:31+00:00","extra":{"name":"061.jpg"}},{"id":119,"license":1,"file_name":"039_jpg.rf.afe046655f176d12b5deb4d6b7f2ef0e.jpg","height":383,"width":694,"date_captured":"2025-03-09T08:51:31+00:00","extra":{"name":"039.jpg"}},{"id":120,"license":1,"file_name":"178_jpg.rf.b884ba546bd89b421b57d1559fc9fe07.jpg","height":167,"width":280,"date_captured":"2025-03-09T08:51:31+00:00","extra":{"name":"178.jpg"}},{"id":121,"license":1,"file_name":"025_jpg.rf.b82c8e674492a65ed5730c124bce5604.jpg","height":350,"width":700,"date_captured":"2025-03-09T08:51:31+00:00","extra":{"name":"025.jpg"}},{"id":122,"license":1,"file_name":"217_jpg.rf.bedcc5067519235ed662c0457915438a.jpg","height":483,"width":600,"date_captured":"2025-03-09T08:51:31+00:00","extra":{"name":"217.jpg"}},{"id":123,"license":1,"file_name":"035_jpg.rf.b3efbdb8d871f758bdba2720a7514c8b.jpg","height":625,"width":960,"date_captured":"2025-03-09T08:51:31+00:00","extra":{"name":"035.jpg"}},{"id":124,"license":1,"file_name":"066_jpg.rf.b97f015bf486a150d8f379dd31662709.jpg","height":448,"width":450,"date_captured":"2025-03-09T08:51:31+00:00","extra":{"name":"066.jpg"}},{"id":125,"license":1,"file_name":"258_jpg.rf.ba6649479561a34b5a4f717b0a15a42f.jpg","height":641,"width":960,"date_captured":"2025-03-09T08:51:31+00:00","extra":{"name":"258.jpg"}},{"id":126,"license":1,"file_name":"279_jpg.rf.a610dab2242009142cab488dafb0ac35.jpg","height":282,"width":426,"date_captured":"2025-03-09T08:51:31+00:00","extra":{"name":"279.jpg"}},{"id":127,"license":1,"file_name":"222_jpg.rf.c94a116aee6c7b3e7ed9f19764992a75.jpg","height":413,"width":620,"date_captured":"2025-03-09T08:51:31+00:00","extra":{"name":"222.jpg"}},{"id":128,"license":1,"file_name":"040_jpg.rf.c43f99260888310d2d31a948913fe0c5.jpg","height":936,"width":1023,"date_captured":"2025-03-09T08:51:31+00:00","extra":{"name":"040.jpg"}},{"id":129,"license":1,"file_name":"210_jpg.rf.bfa691176c64a36d7af58d9a439a20bf.jpg","height":282,"width":425,"date_captured":"2025-03-09T08:51:31+00:00","extra":{"name":"210.jpg"}},{"id":130,"license":1,"file_name":"242_jpg.rf.bb83f75e1cbbee9cf262a97579d62858.jpg","height":947,"width":1320,"date_captured":"2025-03-09T08:51:31+00:00","extra":{"name":"242.jpg"}},{"id":131,"license":1,"file_name":"165_jpg.rf.b65efaa078661a78da1ec27366b43c85.jpg","height":2850,"width":2850,"date_captured":"2025-03-09T08:51:31+00:00","extra":{"name":"165.jpg"}},{"id":132,"license":1,"file_name":"055_jpg.rf.ba256642d47fa594d3adfab2c17e12ea.jpg","height":511,"width":768,"date_captured":"2025-03-09T08:51:31+00:00","extra":{"name":"055.jpg"}},{"id":133,"license":1,"file_name":"100_jpg.rf.c3e6905ed83ce70ced9c79b17db780ff.jpg","height":1080,"width":1920,"date_captured":"2025-03-09T08:51:31+00:00","extra":{"name":"100.jpg"}},{"id":134,"license":1,"file_name":"110_jpg.rf.c77a0634d66fa1ff6f5077d7bf3e2e69.jpg","height":600,"width":800,"date_captured":"2025-03-09T08:51:31+00:00","extra":{"name":"110.jpg"}},{"id":135,"license":1,"file_name":"197_jpg.rf.d50b2e2f713376e44ae37477b2d42401.jpg","height":657,"width":800,"date_captured":"2025-03-09T08:51:31+00:00","extra":{"name":"197.jpg"}},{"id":136,"license":1,"file_name":"127_jpg.rf.ca64dc0117b52395392abd4fff6845fd.jpg","height":300,"width":333,"date_captured":"2025-03-09T08:51:31+00:00","extra":{"name":"127.jpg"}},{"id":137,"license":1,"file_name":"141_jpg.rf.b9e75762e61e2753764370842ee509fb.jpg","height":500,"width":500,"date_captured":"2025-03-09T08:51:31+00:00","extra":{"name":"141.jpg"}},{"id":138,"license":1,"file_name":"172_jpg.rf.cd67af1336c688f5680334dcc5e0e824.jpg","height":171,"width":166,"date_captured":"2025-03-09T08:51:31+00:00","extra":{"name":"172.jpg"}},{"id":139,"license":1,"file_name":"101_jpg.rf.c46d4cd54e3da91025a25cb1af5e5770.jpg","height":300,"width":300,"date_captured":"2025-03-09T08:51:31+00:00","extra":{"name":"101.jpg"}},{"id":140,"license":1,"file_name":"039_jpg.rf.c92d46fa01625953c6d82fc9819735c7.jpg","height":383,"width":694,"date_captured":"2025-03-09T08:51:31+00:00","extra":{"name":"039.jpg"}},{"id":141,"license":1,"file_name":"218_jpg.rf.d0cb24c7d318b3157f724c1125c3d12c.jpg","height":318,"width":300,"date_captured":"2025-03-09T08:51:31+00:00","extra":{"name":"218.jpg"}},{"id":142,"license":1,"file_name":"008_jpg.rf.d65e9b692ee8370c5eb6ddb9c66c311e.jpg","height":387,"width":620,"date_captured":"2025-03-09T08:51:31+00:00","extra":{"name":"008.jpg"}},{"id":143,"license":1,"file_name":"081_jpg.rf.d1b66133ef4929a9562c72e54b438dce.jpg","height":350,"width":682,"date_captured":"2025-03-09T08:51:31+00:00","extra":{"name":"081.jpg"}},{"id":144,"license":1,"file_name":"089_jpg.rf.d0d890a23707746231e2975b2e376b76.jpg","height":1380,"width":1360,"date_captured":"2025-03-09T08:51:31+00:00","extra":{"name":"089.jpg"}},{"id":145,"license":1,"file_name":"025_jpg.rf.d09c7514a79373b6096128152b5e39bf.jpg","height":350,"width":700,"date_captured":"2025-03-09T08:51:31+00:00","extra":{"name":"025.jpg"}},{"id":146,"license":1,"file_name":"285_jpg.rf.d5aa7c6de37689f8f0b58bfa410fd58f.jpg","height":720,"width":960,"date_captured":"2025-03-09T08:51:31+00:00","extra":{"name":"285.jpg"}},{"id":147,"license":1,"file_name":"202_jpg.rf.dc2644435be86a6a66587b7e835a0134.jpg","height":600,"width":600,"date_captured":"2025-03-09T08:51:31+00:00","extra":{"name":"202.jpg"}},{"id":148,"license":1,"file_name":"076_jpg.rf.dbc0277b60b7d24ed7d4c914e845617f.jpg","height":458,"width":610,"date_captured":"2025-03-09T08:51:31+00:00","extra":{"name":"076.jpg"}},{"id":149,"license":1,"file_name":"082_jpg.rf.dc7daf2851f4d1830d5ff8ffef37eb4e.jpg","height":421,"width":673,"date_captured":"2025-03-09T08:51:31+00:00","extra":{"name":"082.jpg"}},{"id":150,"license":1,"file_name":"018_jpg.rf.dbda3dac8458fe9b087eb7ff19210d7b.jpg","height":452,"width":602,"date_captured":"2025-03-09T08:51:31+00:00","extra":{"name":"018.jpg"}},{"id":151,"license":1,"file_name":"155_jpg.rf.dd0570b8b989b55fd31d7d1b717d0cd9.jpg","height":260,"width":460,"date_captured":"2025-03-09T08:51:31+00:00","extra":{"name":"155.jpg"}},{"id":152,"license":1,"file_name":"182_jpg.rf.db8915d6368732ceb988a879faaa5b3a.jpg","height":408,"width":780,"date_captured":"2025-03-09T08:51:31+00:00","extra":{"name":"182.jpg"}},{"id":153,"license":1,"file_name":"037_jpg.rf.dcd6bfd98921673eda3cc0330b01ed58.jpg","height":343,"width":440,"date_captured":"2025-03-09T08:51:31+00:00","extra":{"name":"037.jpg"}},{"id":154,"license":1,"file_name":"016_jpg.rf.dcb38dbb3be1bd2b5d3ec2ead60c7dec.jpg","height":188,"width":282,"date_captured":"2025-03-09T08:51:31+00:00","extra":{"name":"016.jpg"}},{"id":155,"license":1,"file_name":"063_jpg.rf.e33314b4b5f374a99e66729f2fe60373.jpg","height":450,"width":468,"date_captured":"2025-03-09T08:51:31+00:00","extra":{"name":"063.jpg"}},{"id":156,"license":1,"file_name":"216_jpg.rf.e24d455880f252ec0e050ae176c88706.jpg","height":220,"width":220,"date_captured":"2025-03-09T08:51:31+00:00","extra":{"name":"216.jpg"}},{"id":157,"license":1,"file_name":"035_jpg.rf.e82822f83debfdce18ab915ec3a75b3d.jpg","height":625,"width":960,"date_captured":"2025-03-09T08:51:31+00:00","extra":{"name":"035.jpg"}},{"id":158,"license":1,"file_name":"113_jpg.rf.eaab48341e29cbf63839da7263540faa.jpg","height":853,"width":1280,"date_captured":"2025-03-09T08:51:31+00:00","extra":{"name":"113.jpg"}},{"id":159,"license":1,"file_name":"259_jpg.rf.e5598f0f31d53075fbdb1bb1305e78c5.jpg","height":423,"width":630,"date_captured":"2025-03-09T08:51:31+00:00","extra":{"name":"259.jpg"}},{"id":160,"license":1,"file_name":"047_jpg.rf.e35ce2b8c5e831c444617705cffb294f.jpg","height":320,"width":600,"date_captured":"2025-03-09T08:51:31+00:00","extra":{"name":"047.jpg"}},{"id":161,"license":1,"file_name":"252_jpg.rf.e9e10baedaeabb31cbcd93737d71ab81.jpg","height":241,"width":350,"date_captured":"2025-03-09T08:51:31+00:00","extra":{"name":"252.jpg"}},{"id":162,"license":1,"file_name":"024_jpg.rf.afb86bccce3257ee3870bbbdbe1cd936.jpg","height":1390,"width":1300,"date_captured":"2025-03-09T08:51:31+00:00","extra":{"name":"024.jpg"}},{"id":163,"license":1,"file_name":"146_jpg.rf.da89caaf79d7e7159f52631fec5ef55f.jpg","height":290,"width":437,"date_captured":"2025-03-09T08:51:31+00:00","extra":{"name":"146.jpg"}},{"id":164,"license":1,"file_name":"022_jpg.rf.ea113861aaaa2982b5a1524673e563ea.jpg","height":1500,"width":1500,"date_captured":"2025-03-09T08:51:31+00:00","extra":{"name":"022.jpg"}},{"id":165,"license":1,"file_name":"015_jpg.rf.e6d7a33eac12b8254d91030de218cd8f.jpg","height":1024,"width":1024,"date_captured":"2025-03-09T08:51:31+00:00","extra":{"name":"015.jpg"}},{"id":166,"license":1,"file_name":"008_jpg.rf.f8839345825b0b121ab91b3197a600e6.jpg","height":387,"width":620,"date_captured":"2025-03-09T08:51:31+00:00","extra":{"name":"008.jpg"}},{"id":167,"license":1,"file_name":"160_jpg.rf.e69bd936837c6e96ed6b4c5c4d4a5346.jpg","height":500,"width":500,"date_captured":"2025-03-09T08:51:31+00:00","extra":{"name":"160.jpg"}},{"id":168,"license":1,"file_name":"163_jpg.rf.f1e78d2dc730bb5759e142b9d87de54e.jpg","height":360,"width":361,"date_captured":"2025-03-09T08:51:31+00:00","extra":{"name":"163.jpg"}},{"id":169,"license":1,"file_name":"121_jpg.rf.ea2ac964c05dd6ec2fb924768131c981.jpg","height":500,"width":600,"date_captured":"2025-03-09T08:51:31+00:00","extra":{"name":"121.jpg"}},{"id":170,"license":1,"file_name":"099_jpg.rf.ec417c472161acf70c34b17d097534d8.jpg","height":2000,"width":1814,"date_captured":"2025-03-09T08:51:31+00:00","extra":{"name":"099.jpg"}},{"id":171,"license":1,"file_name":"156_jpg.rf.ec37b9e78647d072d8d99f28ccd0b51a.jpg","height":312,"width":355,"date_captured":"2025-03-09T08:51:31+00:00","extra":{"name":"156.jpg"}},{"id":172,"license":1,"file_name":"136_jpg.rf.e0912e2eb558234f8a316f8f78f46916.jpg","height":351,"width":427,"date_captured":"2025-03-09T08:51:31+00:00","extra":{"name":"136.jpg"}},{"id":173,"license":1,"file_name":"292_jpg.rf.f7d5e47fcbebf8d9e932b227d985161d.jpg","height":227,"width":300,"date_captured":"2025-03-09T08:51:31+00:00","extra":{"name":"292.jpg"}},{"id":174,"license":1,"file_name":"229_jpg.rf.f7262ae0a766ccb5a188233a81f8e10a.jpg","height":2728,"width":2048,"date_captured":"2025-03-09T08:51:31+00:00","extra":{"name":"229.jpg"}},{"id":175,"license":1,"file_name":"011_jpg.rf.f6ad0def98c813efa713a6d1fb5559b9.jpg","height":439,"width":780,"date_captured":"2025-03-09T08:51:31+00:00","extra":{"name":"011.jpg"}},{"id":176,"license":1,"file_name":"093_jpg.rf.ff6611dbf6009f594b3a47ba04d01e4c.jpg","height":470,"width":450,"date_captured":"2025-03-09T08:51:31+00:00","extra":{"name":"093.jpg"}},{"id":177,"license":1,"file_name":"213_jpg.rf.fd5e37151924545e888de8defad40b6f.jpg","height":626,"width":1200,"date_captured":"2025-03-09T08:51:31+00:00","extra":{"name":"213.jpg"}},{"id":178,"license":1,"file_name":"261_jpg.rf.f1558a24de3c29f0242e5d4280668ed9.jpg","height":293,"width":400,"date_captured":"2025-03-09T08:51:31+00:00","extra":{"name":"261.jpg"}}],"annotations":[{"id":0,"image_id":0,"category_id":1,"bbox":[142,39,272,306],"area":83232,"segmentation":[[142,39,414,39,414,345,142,345]],"iscrowd":0},{"id":1,"image_id":1,"category_id":1,"bbox":[303,104,469,334],"area":156646,"segmentation":[[303,104,772,104,772,438,303,438]],"iscrowd":0},{"id":2,"image_id":1,"category_id":1,"bbox":[2,39,472,399],"area":188328,"segmentation":[[2,39,474,39,474,438,2,438]],"iscrowd":0},{"id":3,"image_id":2,"category_id":3,"bbox":[140,154,358,358],"area":128164,"segmentation":[[140,154,498,154,498,512,140,512]],"iscrowd":0},{"id":4,"image_id":2,"category_id":2,"bbox":[76,132,597,457],"area":272829,"segmentation":[[76,132,673,132,673,589,76,589]],"iscrowd":0},{"id":5,"image_id":3,"category_id":1,"bbox":[113,288,176,170],"area":29920,"segmentation":[[113,288,289,288,289,458,113,458]],"iscrowd":0},{"id":6,"image_id":3,"category_id":1,"bbox":[281,295,167,152],"area":25384,"segmentation":[[281,295,448,295,448,447,281,447]],"iscrowd":0},{"id":7,"image_id":3,"category_id":1,"bbox":[56,283,154,140],"area":21560,"segmentation":[[56,283,210,283,210,423,56,423]],"iscrowd":0},{"id":8,"image_id":3,"category_id":1,"bbox":[480,238,134,148],"area":19832,"segmentation":[[480,238,614,238,614,386,480,386]],"iscrowd":0},{"id":9,"image_id":4,"category_id":2,"bbox":[102,209,552,274],"area":151248,"segmentation":[[102,209,654,209,654,483,102,483]],"iscrowd":0},{"id":10,"image_id":5,"category_id":1,"bbox":[86,264,607,603],"area":366021,"segmentation":[[86,264,693,264,693,867,86,867]],"iscrowd":0},{"id":11,"image_id":6,"category_id":1,"bbox":[145,5,504,527],"area":265608,"segmentation":[[145,5,649,5,649,532,145,532]],"iscrowd":0},{"id":12,"image_id":7,"category_id":1,"bbox":[0,0,793,737],"area":584441,"segmentation":[[0,0,793,0,793,737,0,737]],"iscrowd":0},{"id":13,"image_id":8,"category_id":1,"bbox":[87,40,327,352],"area":115104,"segmentation":[[87,40,414,40,414,392,87,392]],"iscrowd":0},{"id":14,"image_id":9,"category_id":3,"bbox":[243,201,419,398],"area":166762,"segmentation":[[243,201,662,201,662,599,243,599]],"iscrowd":0},{"id":15,"image_id":9,"category_id":3,"bbox":[663,127,255,241],"area":61455,"segmentation":[[663,127,918,127,918,368,663,368]],"iscrowd":0},{"id":16,"image_id":10,"category_id":1,"bbox":[33,94,325,329],"area":106925,"segmentation":[[33,94,358,94,358,423,33,423]],"iscrowd":0},{"id":17,"image_id":10,"category_id":1,"bbox":[303,61,271,291],"area":78861,"segmentation":[[303,61,574,61,574,352,303,352]],"iscrowd":0},{"id":18,"image_id":11,"category_id":2,"bbox":[18,20,318,304],"area":96672,"segmentation":[[18,20,336,20,336,324,18,324]],"iscrowd":0},{"id":19,"image_id":12,"category_id":3,"bbox":[794,368,378,411],"area":155358,"segmentation":[[794,368,1172,368,1172,779,794,779]],"iscrowd":0},{"id":20,"image_id":12,"category_id":2,"bbox":[146,47,722,428],"area":309016,"segmentation":[[146,47,868,47,868,475,146,475]],"iscrowd":0},{"id":21,"image_id":12,"category_id":2,"bbox":[168,179,670,618],"area":414060,"segmentation":[[168,179,838,179,838,797,168,797]],"iscrowd":0},{"id":22,"image_id":13,"category_id":3,"bbox":[26,246,264,252],"area":66528,"segmentation":[[26,246,290,246,290,498,26,498]],"iscrowd":0},{"id":23,"image_id":13,"category_id":3,"bbox":[732,267,271,267],"area":72357,"segmentation":[[732,267,1003,267,1003,534,732,534]],"iscrowd":0},{"id":24,"image_id":13,"category_id":3,"bbox":[542,212,253,227],"area":57431,"segmentation":[[542,212,795,212,795,439,542,439]],"iscrowd":0},{"id":25,"image_id":13,"category_id":3,"bbox":[282,246,234,208],"area":48672,"segmentation":[[282,246,516,246,516,454,282,454]],"iscrowd":0},{"id":26,"image_id":14,"category_id":3,"bbox":[135,116,104,107],"area":11128,"segmentation":[[135,116,239,116,239,223,135,223]],"iscrowd":0},{"id":27,"image_id":15,"category_id":3,"bbox":[13,7,264,272],"area":71808,"segmentation":[[13,7,277,7,277,279,13,279]],"iscrowd":0},{"id":28,"image_id":16,"category_id":1,"bbox":[414,260,305,306],"area":93330,"segmentation":[[414,260,719,260,719,566,414,566]],"iscrowd":0},{"id":29,"image_id":16,"category_id":1,"bbox":[104,425,288,265],"area":76320,"segmentation":[[104,425,392,425,392,690,104,690]],"iscrowd":0},{"id":30,"image_id":16,"category_id":1,"bbox":[193,289,283,255],"area":72165,"segmentation":[[193,289,476,289,476,544,193,544]],"iscrowd":0},{"id":31,"image_id":17,"category_id":3,"bbox":[57,136,209,221],"area":46189,"segmentation":[[57,136,266,136,266,357,57,357]],"iscrowd":0},{"id":32,"image_id":17,"category_id":3,"bbox":[259,98,205,252],"area":51660,"segmentation":[[259,98,464,98,464,350,259,350]],"iscrowd":0},{"id":33,"image_id":17,"category_id":3,"bbox":[135,0,219,170],"area":37230,"segmentation":[[135,0,354,0,354,170,135,170]],"iscrowd":0},{"id":34,"image_id":18,"category_id":3,"bbox":[7,57,733,775],"area":568075,"segmentation":[[7,57,740,57,740,832,7,832]],"iscrowd":0},{"id":35,"image_id":18,"category_id":3,"bbox":[579,20,693,732],"area":507276,"segmentation":[[579,20,1272,20,1272,752,579,752]],"iscrowd":0},{"id":36,"image_id":19,"category_id":1,"bbox":[642,363,753,682],"area":513546,"segmentation":[[642,363,1395,363,1395,1045,642,1045]],"iscrowd":0},{"id":37,"image_id":20,"category_id":1,"bbox":[183,109,398,415],"area":165170,"segmentation":[[183,109,581,109,581,524,183,524]],"iscrowd":0},{"id":38,"image_id":21,"category_id":3,"bbox":[260,277,603,611],"area":368433,"segmentation":[[260,277,863,277,863,888,260,888]],"iscrowd":0},{"id":39,"image_id":22,"category_id":2,"bbox":[44,227,1187,430],"area":510410,"segmentation":[[44,227,1231,227,1231,657,44,657]],"iscrowd":0},{"id":40,"image_id":23,"category_id":1,"bbox":[396,212,564,580],"area":327120,"segmentation":[[396,212,960,212,960,792,396,792]],"iscrowd":0},{"id":41,"image_id":23,"category_id":1,"bbox":[77,175,512,489],"area":250368,"segmentation":[[77,175,589,175,589,664,77,664]],"iscrowd":0},{"id":42,"image_id":24,"category_id":3,"bbox":[3,36,336,363],"area":121968,"segmentation":[[3,36,339,36,339,399,3,399]],"iscrowd":0},{"id":43,"image_id":25,"category_id":3,"bbox":[173,19,190,179],"area":34010,"segmentation":[[173,19,363,19,363,198,173,198]],"iscrowd":0},{"id":44,"image_id":26,"category_id":3,"bbox":[145,204,347,389],"area":134983,"segmentation":[[145,204,492,204,492,593,145,593]],"iscrowd":0},{"id":45,"image_id":26,"category_id":1,"bbox":[251,527,319,293],"area":93467,"segmentation":[[251,527,570,527,570,820,251,820]],"iscrowd":0},{"id":46,"image_id":26,"category_id":2,"bbox":[467,48,760,238],"area":180880,"segmentation":[[467,48,1227,48,1227,286,467,286]],"iscrowd":0},{"id":47,"image_id":26,"category_id":2,"bbox":[539,207,704,256],"area":180224,"segmentation":[[539,207,1243,207,1243,463,539,463]],"iscrowd":0},{"id":48,"image_id":26,"category_id":2,"bbox":[505,300,773,273],"area":211029,"segmentation":[[505,300,1278,300,1278,573,505,573]],"iscrowd":0},{"id":49,"image_id":27,"category_id":2,"bbox":[16,0,1573,623],"area":979979,"segmentation":[[16,0,1589,0,1589,623,16,623]],"iscrowd":0},{"id":50,"image_id":28,"category_id":1,"bbox":[18,67,259,275],"area":71225,"segmentation":[[18,67,277,67,277,342,18,342]],"iscrowd":0},{"id":51,"image_id":29,"category_id":2,"bbox":[62,16,497,306],"area":152082,"segmentation":[[62,16,559,16,559,322,62,322]],"iscrowd":0},{"id":52,"image_id":30,"category_id":1,"bbox":[583,437,283,270],"area":76410,"segmentation":[[583,437,866,437,866,707,583,707]],"iscrowd":0},{"id":53,"image_id":30,"category_id":1,"bbox":[491,140,248,253],"area":62744,"segmentation":[[491,140,739,140,739,393,491,393]],"iscrowd":0},{"id":54,"image_id":30,"category_id":1,"bbox":[175,198,314,267],"area":83838,"segmentation":[[175,198,489,198,489,465,175,465]],"iscrowd":0},{"id":55,"image_id":30,"category_id":1,"bbox":[366,16,252,223],"area":56196,"segmentation":[[366,16,618,16,618,239,366,239]],"iscrowd":0},{"id":56,"image_id":30,"category_id":1,"bbox":[641,34,265,234],"area":62010,"segmentation":[[641,34,906,34,906,268,641,268]],"iscrowd":0},{"id":57,"image_id":31,"category_id":3,"bbox":[129,261,164,150],"area":24600,"segmentation":[[129,261,293,261,293,411,129,411]],"iscrowd":0},{"id":58,"image_id":31,"category_id":1,"bbox":[155,43,191,196],"area":37436,"segmentation":[[155,43,346,43,346,239,155,239]],"iscrowd":0},{"id":59,"image_id":31,"category_id":2,"bbox":[336,38,126,387],"area":48762,"segmentation":[[336,38,462,38,462,425,336,425]],"iscrowd":0},{"id":60,"image_id":31,"category_id":2,"bbox":[378,156,264,328],"area":86592,"segmentation":[[378,156,642,156,642,484,378,484]],"iscrowd":0},{"id":61,"image_id":31,"category_id":2,"bbox":[389,37,154,377],"area":58058,"segmentation":[[389,37,543,37,543,414,389,414]],"iscrowd":0},{"id":62,"image_id":32,"category_id":1,"bbox":[70,59,104,104],"area":10816,"segmentation":[[70,59,174,59,174,163,70,163]],"iscrowd":0},{"id":63,"image_id":32,"category_id":1,"bbox":[11,21,93,89],"area":8277,"segmentation":[[11,21,104,21,104,110,11,110]],"iscrowd":0},{"id":64,"image_id":32,"category_id":1,"bbox":[133,22,109,92],"area":10028,"segmentation":[[133,22,242,22,242,114,133,114]],"iscrowd":0},{"id":65,"image_id":32,"category_id":1,"bbox":[106,125,109,103],"area":11227,"segmentation":[[106,125,215,125,215,228,106,228]],"iscrowd":0},{"id":66,"image_id":32,"category_id":1,"bbox":[206,137,91,91],"area":8281,"segmentation":[[206,137,297,137,297,228,206,228]],"iscrowd":0},{"id":67,"image_id":33,"category_id":2,"bbox":[102,137,388,175],"area":67900,"segmentation":[[102,137,490,137,490,312,102,312]],"iscrowd":0},{"id":68,"image_id":34,"category_id":3,"bbox":[484,42,423,426],"area":180198,"segmentation":[[484,42,907,42,907,468,484,468]],"iscrowd":0},{"id":69,"image_id":34,"category_id":1,"bbox":[172,126,480,484],"area":232320,"segmentation":[[172,126,652,126,652,610,172,610]],"iscrowd":0},{"id":70,"image_id":34,"category_id":2,"bbox":[282,214,889,549],"area":488061,"segmentation":[[282,214,1171,214,1171,763,282,763]],"iscrowd":0},{"id":71,"image_id":35,"category_id":1,"bbox":[218,493,727,679],"area":493633,"segmentation":[[218,493,945,493,945,1172,218,1172]],"iscrowd":0},{"id":72,"image_id":35,"category_id":1,"bbox":[929,597,737,576],"area":424512,"segmentation":[[929,597,1666,597,1666,1173,929,1173]],"iscrowd":0},{"id":73,"image_id":35,"category_id":1,"bbox":[77,322,666,622],"area":414252,"segmentation":[[77,322,743,322,743,944,77,944]],"iscrowd":0},{"id":74,"image_id":35,"category_id":1,"bbox":[1227,311,668,604],"area":403472,"segmentation":[[1227,311,1895,311,1895,915,1227,915]],"iscrowd":0},{"id":75,"image_id":36,"category_id":1,"bbox":[166,333,484,476],"area":230384,"segmentation":[[166,333,650,333,650,809,166,809]],"iscrowd":0},{"id":76,"image_id":36,"category_id":1,"bbox":[0,131,367,473],"area":173591,"segmentation":[[0,131,367,131,367,604,0,604]],"iscrowd":0},{"id":77,"image_id":37,"category_id":3,"bbox":[123,56,211,196],"area":41356,"segmentation":[[123,56,334,56,334,252,123,252]],"iscrowd":0},{"id":78,"image_id":37,"category_id":3,"bbox":[76,295,209,218],"area":45562,"segmentation":[[76,295,285,295,285,513,76,513]],"iscrowd":0},{"id":79,"image_id":37,"category_id":3,"bbox":[253,375,212,199],"area":42188,"segmentation":[[253,375,465,375,465,574,253,574]],"iscrowd":0},{"id":80,"image_id":37,"category_id":3,"bbox":[188,460,202,170],"area":34340,"segmentation":[[188,460,390,460,390,630,188,630]],"iscrowd":0},{"id":81,"image_id":38,"category_id":3,"bbox":[227,82,173,187],"area":32351,"segmentation":[[227,82,400,82,400,269,227,269]],"iscrowd":0},{"id":82,"image_id":38,"category_id":2,"bbox":[42,73,140,170],"area":23800,"segmentation":[[42,73,182,73,182,243,42,243]],"iscrowd":0},{"id":83,"image_id":38,"category_id":1,"bbox":[127,55,154,165],"area":25410,"segmentation":[[127,55,281,55,281,220,127,220]],"iscrowd":0},{"id":84,"image_id":39,"category_id":3,"bbox":[21,19,154,145],"area":22330,"segmentation":[[21,19,175,19,175,164,21,164]],"iscrowd":0},{"id":85,"image_id":40,"category_id":2,"bbox":[192,206,1507,776],"area":1169432,"segmentation":[[192,206,1699,206,1699,982,192,982]],"iscrowd":0},{"id":86,"image_id":41,"category_id":1,"bbox":[157,115,1106,1027],"area":1135862,"segmentation":[[157,115,1263,115,1263,1142,157,1142]],"iscrowd":0},{"id":87,"image_id":42,"category_id":1,"bbox":[18,67,259,275],"area":71225,"segmentation":[[18,67,277,67,277,342,18,342]],"iscrowd":0},{"id":88,"image_id":43,"category_id":1,"bbox":[290,54,297,287],"area":85239,"segmentation":[[290,54,587,54,587,341,290,341]],"iscrowd":0},{"id":89,"image_id":44,"category_id":1,"bbox":[138,124,302,314],"area":94828,"segmentation":[[138,124,440,124,440,438,138,438]],"iscrowd":0},{"id":90,"image_id":44,"category_id":1,"bbox":[558,210,279,253],"area":70587,"segmentation":[[558,210,837,210,837,463,558,463]],"iscrowd":0},{"id":91,"image_id":44,"category_id":1,"bbox":[251,271,277,242],"area":67034,"segmentation":[[251,271,528,271,528,513,251,513]],"iscrowd":0},{"id":92,"image_id":44,"category_id":1,"bbox":[698,184,240,268],"area":64320,"segmentation":[[698,184,938,184,938,452,698,452]],"iscrowd":0},{"id":93,"image_id":45,"category_id":3,"bbox":[11,53,330,332],"area":109560,"segmentation":[[11,53,341,53,341,385,11,385]],"iscrowd":0},{"id":94,"image_id":46,"category_id":3,"bbox":[372,180,312,288],"area":89856,"segmentation":[[372,180,684,180,684,468,372,468]],"iscrowd":0},{"id":95,"image_id":46,"category_id":2,"bbox":[104,332,825,196],"area":161700,"segmentation":[[104,332,929,332,929,528,104,528]],"iscrowd":0},{"id":96,"image_id":46,"category_id":2,"bbox":[114,451,843,208],"area":175344,"segmentation":[[114,451,957,451,957,659,114,659]],"iscrowd":0},{"id":97,"image_id":47,"category_id":1,"bbox":[70,59,104,104],"area":10816,"segmentation":[[70,59,174,59,174,163,70,163]],"iscrowd":0},{"id":98,"image_id":47,"category_id":1,"bbox":[11,21,93,89],"area":8277,"segmentation":[[11,21,104,21,104,110,11,110]],"iscrowd":0},{"id":99,"image_id":47,"category_id":1,"bbox":[133,22,109,92],"area":10028,"segmentation":[[133,22,242,22,242,114,133,114]],"iscrowd":0},{"id":100,"image_id":47,"category_id":1,"bbox":[106,125,109,103],"area":11227,"segmentation":[[106,125,215,125,215,228,106,228]],"iscrowd":0},{"id":101,"image_id":47,"category_id":1,"bbox":[206,137,91,91],"area":8281,"segmentation":[[206,137,297,137,297,228,206,228]],"iscrowd":0},{"id":102,"image_id":48,"category_id":3,"bbox":[60,129,354,343],"area":121422,"segmentation":[[60,129,414,129,414,472,60,472]],"iscrowd":0},{"id":103,"image_id":49,"category_id":2,"bbox":[102,137,388,175],"area":67900,"segmentation":[[102,137,490,137,490,312,102,312]],"iscrowd":0},{"id":104,"image_id":50,"category_id":1,"bbox":[69,397,1318,1333],"area":1756894,"segmentation":[[69,397,1387,397,1387,1730,69,1730]],"iscrowd":0},{"id":105,"image_id":51,"category_id":3,"bbox":[220,82,242,255],"area":61710,"segmentation":[[220,82,462,82,462,337,220,337]],"iscrowd":0},{"id":106,"image_id":51,"category_id":1,"bbox":[439,147,226,256],"area":57856,"segmentation":[[439,147,665,147,665,403,439,403]],"iscrowd":0},{"id":107,"image_id":51,"category_id":2,"bbox":[53,227,573,300],"area":171900,"segmentation":[[53,227,626,227,626,527,53,527]],"iscrowd":0},{"id":108,"image_id":52,"category_id":2,"bbox":[888,146,572,1000],"area":572000,"segmentation":[[888,146,1460,146,1460,1146,888,1146]],"iscrowd":0},{"id":109,"image_id":53,"category_id":1,"bbox":[96,61,269,264],"area":71016,"segmentation":[[96,61,365,61,365,325,96,325]],"iscrowd":0},{"id":110,"image_id":54,"category_id":3,"bbox":[70,17,187,202],"area":37774,"segmentation":[[70,17,257,17,257,219,70,219]],"iscrowd":0},{"id":111,"image_id":55,"category_id":3,"bbox":[37,0,307,298],"area":91486,"segmentation":[[37,0,344,0,344,298,37,298]],"iscrowd":0},{"id":112,"image_id":56,"category_id":1,"bbox":[9,7,334,328],"area":109552,"segmentation":[[9,7,343,7,343,335,9,335]],"iscrowd":0},{"id":113,"image_id":57,"category_id":1,"bbox":[64,121,300,282],"area":84600,"segmentation":[[64,121,364,121,364,403,64,403]],"iscrowd":0},{"id":114,"image_id":58,"category_id":1,"bbox":[14,86,240,204],"area":48960,"segmentation":[[14,86,254,86,254,290,14,290]],"iscrowd":0},{"id":115,"image_id":59,"category_id":2,"bbox":[44,0,85,94],"area":7990,"segmentation":[[44,0,129,0,129,94,44,94]],"iscrowd":0},{"id":116,"image_id":59,"category_id":2,"bbox":[61,29,133,80],"area":10640,"segmentation":[[61,29,194,29,194,109,61,109]],"iscrowd":0},{"id":117,"image_id":59,"category_id":2,"bbox":[0,26,46,72],"area":3312,"segmentation":[[0,26,46,26,46,98,0,98]],"iscrowd":0},{"id":118,"image_id":59,"category_id":2,"bbox":[16,6,60,84],"area":5040,"segmentation":[[16,6,76,6,76,90,16,90]],"iscrowd":0},{"id":119,"image_id":60,"category_id":3,"bbox":[98,95,433,496],"area":214768,"segmentation":[[98,95,531,95,531,591,98,591]],"iscrowd":0},{"id":120,"image_id":60,"category_id":3,"bbox":[651,195,471,514],"area":242094,"segmentation":[[651,195,1122,195,1122,709,651,709]],"iscrowd":0},{"id":121,"image_id":60,"category_id":3,"bbox":[429,107,346,417],"area":144282,"segmentation":[[429,107,775,107,775,524,429,524]],"iscrowd":0},{"id":122,"image_id":61,"category_id":1,"bbox":[146,217,189,194],"area":36666,"segmentation":[[146,217,335,217,335,411,146,411]],"iscrowd":0},{"id":123,"image_id":61,"category_id":1,"bbox":[98,130,165,185],"area":30525,"segmentation":[[98,130,263,130,263,315,98,315]],"iscrowd":0},{"id":124,"image_id":61,"category_id":1,"bbox":[234,141,169,182],"area":30758,"segmentation":[[234,141,403,141,403,323,234,323]],"iscrowd":0},{"id":125,"image_id":62,"category_id":3,"bbox":[66,162,374,378],"area":141372,"segmentation":[[66,162,440,162,440,540,66,540]],"iscrowd":0},{"id":126,"image_id":62,"category_id":2,"bbox":[208,133,657,214],"area":140598,"segmentation":[[208,133,865,133,865,347,208,347]],"iscrowd":0},{"id":127,"image_id":62,"category_id":2,"bbox":[262,266,586,284],"area":166424,"segmentation":[[262,266,848,266,848,550,262,550]],"iscrowd":0},{"id":128,"image_id":63,"category_id":2,"bbox":[43,163,325,113],"area":36725,"segmentation":[[43,163,368,163,368,276,43,276]],"iscrowd":0},{"id":129,"image_id":63,"category_id":2,"bbox":[86,219,314,135],"area":42390,"segmentation":[[86,219,400,219,400,354,86,354]],"iscrowd":0},{"id":130,"image_id":64,"category_id":2,"bbox":[124,132,647,364],"area":235508,"segmentation":[[124,132,771,132,771,496,124,496]],"iscrowd":0},{"id":131,"image_id":65,"category_id":2,"bbox":[312,227,622,1636],"area":1017592,"segmentation":[[312,227,934,227,934,1863,312,1863]],"iscrowd":0},{"id":132,"image_id":65,"category_id":2,"bbox":[400,128,677,1761],"area":1192197,"segmentation":[[400,128,1077,128,1077,1889,400,1889]],"iscrowd":0},{"id":133,"image_id":65,"category_id":2,"bbox":[134,290,507,1456],"area":738192,"segmentation":[[134,290,641,290,641,1746,134,1746]],"iscrowd":0},{"id":134,"image_id":66,"category_id":3,"bbox":[89,286,518,522],"area":270396,"segmentation":[[89,286,607,286,607,808,89,808]],"iscrowd":0},{"id":135,"image_id":66,"category_id":3,"bbox":[559,216,585,552],"area":322920,"segmentation":[[559,216,1144,216,1144,768,559,768]],"iscrowd":0},{"id":136,"image_id":66,"category_id":3,"bbox":[322,36,463,514],"area":237982,"segmentation":[[322,36,785,36,785,550,322,550]],"iscrowd":0},{"id":137,"image_id":67,"category_id":1,"bbox":[40,66,110,110],"area":12100,"segmentation":[[40,66,150,66,150,176,40,176]],"iscrowd":0},{"id":138,"image_id":67,"category_id":1,"bbox":[117,39,101,95],"area":9595,"segmentation":[[117,39,218,39,218,134,117,134]],"iscrowd":0},{"id":139,"image_id":67,"category_id":1,"bbox":[222,52,104,111],"area":11544,"segmentation":[[222,52,326,52,326,163,222,163]],"iscrowd":0},{"id":140,"image_id":68,"category_id":2,"bbox":[84,137,468,214],"area":100152,"segmentation":[[84,137,552,137,552,351,84,351]],"iscrowd":0},{"id":141,"image_id":69,"category_id":3,"bbox":[50,24,252,259],"area":65268,"segmentation":[[50,24,302,24,302,283,50,283]],"iscrowd":0},{"id":142,"image_id":70,"category_id":2,"bbox":[4,11,328,341],"area":111848,"segmentation":[[4,11,332,11,332,352,4,352]],"iscrowd":0},{"id":143,"image_id":71,"category_id":2,"bbox":[76,229,764,342],"area":261288,"segmentation":[[76,229,840,229,840,571,76,571]],"iscrowd":0},{"id":144,"image_id":71,"category_id":2,"bbox":[362,210,650,543],"area":352950,"segmentation":[[362,210,1012,210,1012,753,362,753]],"iscrowd":0},{"id":145,"image_id":71,"category_id":2,"bbox":[36,186,756,298],"area":225288,"segmentation":[[36,186,792,186,792,484,36,484]],"iscrowd":0},{"id":146,"image_id":72,"category_id":3,"bbox":[67,304,879,886],"area":778794,"segmentation":[[67,304,946,304,946,1190,67,1190]],"iscrowd":0},{"id":147,"image_id":73,"category_id":2,"bbox":[16,0,1573,623],"area":979979,"segmentation":[[16,0,1589,0,1589,623,16,623]],"iscrowd":0},{"id":148,"image_id":74,"category_id":1,"bbox":[90,91,619,614],"area":380066,"segmentation":[[90,91,709,91,709,705,90,705]],"iscrowd":0},{"id":149,"image_id":75,"category_id":3,"bbox":[606,132,423,407],"area":172161,"segmentation":[[606,132,1029,132,1029,539,606,539]],"iscrowd":0},{"id":150,"image_id":75,"category_id":3,"bbox":[1073,229,384,427],"area":163968,"segmentation":[[1073,229,1457,229,1457,656,1073,656]],"iscrowd":0},{"id":151,"image_id":75,"category_id":3,"bbox":[1017,615,480,432],"area":207360,"segmentation":[[1017,615,1497,615,1497,1047,1017,1047]],"iscrowd":0},{"id":152,"image_id":76,"category_id":1,"bbox":[30,81,126,140],"area":17640,"segmentation":[[30,81,156,81,156,221,30,221]],"iscrowd":0},{"id":153,"image_id":77,"category_id":2,"bbox":[24,39,892,487],"area":434404,"segmentation":[[24,39,916,39,916,526,24,526]],"iscrowd":0},{"id":154,"image_id":78,"category_id":2,"bbox":[24,39,892,487],"area":434404,"segmentation":[[24,39,916,39,916,526,24,526]],"iscrowd":0},{"id":155,"image_id":79,"category_id":3,"bbox":[705,256,734,721],"area":529214,"segmentation":[[705,256,1439,256,1439,977,705,977]],"iscrowd":0},{"id":156,"image_id":79,"category_id":3,"bbox":[171,180,688,662],"area":455456,"segmentation":[[171,180,859,180,859,842,171,842]],"iscrowd":0},{"id":157,"image_id":80,"category_id":1,"bbox":[286,232,854,878],"area":749812,"segmentation":[[286,232,1140,232,1140,1110,286,1110]],"iscrowd":0},{"id":158,"image_id":81,"category_id":2,"bbox":[644,455,955,636],"area":607380,"segmentation":[[644,455,1599,455,1599,1091,644,1091]],"iscrowd":0},{"id":159,"image_id":81,"category_id":2,"bbox":[818,659,781,508],"area":396748,"segmentation":[[818,659,1599,659,1599,1167,818,1167]],"iscrowd":0},{"id":160,"image_id":81,"category_id":2,"bbox":[100,170,1180,873],"area":1030140,"segmentation":[[100,170,1280,170,1280,1043,100,1043]],"iscrowd":0},{"id":161,"image_id":82,"category_id":2,"bbox":[19,47,313,126],"area":39438,"segmentation":[[19,47,332,47,332,173,19,173]],"iscrowd":0},{"id":162,"image_id":82,"category_id":2,"bbox":[171,66,223,215],"area":47945,"segmentation":[[171,66,394,66,394,281,171,281]],"iscrowd":0},{"id":163,"image_id":82,"category_id":2,"bbox":[56,75,292,149],"area":43508,"segmentation":[[56,75,348,75,348,224,56,224]],"iscrowd":0},{"id":164,"image_id":83,"category_id":3,"bbox":[154,98,256,230],"area":58880,"segmentation":[[154,98,410,98,410,328,154,328]],"iscrowd":0},{"id":165,"image_id":83,"category_id":3,"bbox":[23,0,215,186],"area":39990,"segmentation":[[23,0,238,0,238,186,23,186]],"iscrowd":0},{"id":166,"image_id":83,"category_id":3,"bbox":[400,46,199,250],"area":49750,"segmentation":[[400,46,599,46,599,296,400,296]],"iscrowd":0},{"id":167,"image_id":83,"category_id":3,"bbox":[204,24,212,184],"area":39008,"segmentation":[[204,24,416,24,416,208,204,208]],"iscrowd":0},{"id":168,"image_id":83,"category_id":3,"bbox":[301,271,264,126],"area":33264,"segmentation":[[301,271,565,271,565,397,301,397]],"iscrowd":0},{"id":169,"image_id":84,"category_id":2,"bbox":[469,160,522,334],"area":174348,"segmentation":[[469,160,991,160,991,494,469,494]],"iscrowd":0},{"id":170,"image_id":84,"category_id":2,"bbox":[627,0,541,297],"area":160677,"segmentation":[[627,0,1168,0,1168,297,627,297]],"iscrowd":0},{"id":171,"image_id":84,"category_id":2,"bbox":[0,2,411,341],"area":140151,"segmentation":[[0,2,411,2,411,343,0,343]],"iscrowd":0},{"id":172,"image_id":84,"category_id":2,"bbox":[0,248,259,420],"area":108780,"segmentation":[[0,248,259,248,259,668,0,668]],"iscrowd":0},{"id":173,"image_id":84,"category_id":2,"bbox":[228,448,481,225],"area":108225,"segmentation":[[228,448,709,448,709,673,228,673]],"iscrowd":0},{"id":174,"image_id":84,"category_id":2,"bbox":[821,479,376,194],"area":72944,"segmentation":[[821,479,1197,479,1197,673,821,673]],"iscrowd":0},{"id":175,"image_id":85,"category_id":1,"bbox":[44,52,207,208],"area":43056,"segmentation":[[44,52,251,52,251,260,44,260]],"iscrowd":0},{"id":176,"image_id":86,"category_id":2,"bbox":[96,82,436,237],"area":103332,"segmentation":[[96,82,532,82,532,319,96,319]],"iscrowd":0},{"id":177,"image_id":87,"category_id":1,"bbox":[233,131,182,211],"area":38402,"segmentation":[[233,131,415,131,415,342,233,342]],"iscrowd":0},{"id":178,"image_id":88,"category_id":1,"bbox":[343,75,296,318],"area":94128,"segmentation":[[343,75,639,75,639,393,343,393]],"iscrowd":0},{"id":179,"image_id":89,"category_id":1,"bbox":[37,188,979,995],"area":974105,"segmentation":[[37,188,1016,188,1016,1183,37,1183]],"iscrowd":0},{"id":180,"image_id":90,"category_id":2,"bbox":[253,230,363,489],"area":177507,"segmentation":[[253,230,616,230,616,719,253,719]],"iscrowd":0},{"id":181,"image_id":91,"category_id":1,"bbox":[55,98,1357,1320],"area":1791240,"segmentation":[[55,98,1412,98,1412,1418,55,1418]],"iscrowd":0},{"id":182,"image_id":92,"category_id":2,"bbox":[16,56,404,144],"area":58176,"segmentation":[[16,56,420,56,420,200,16,200]],"iscrowd":0},{"id":183,"image_id":93,"category_id":1,"bbox":[4,30,282,245],"area":69090,"segmentation":[[4,30,286,30,286,275,4,275]],"iscrowd":0},{"id":184,"image_id":94,"category_id":3,"bbox":[165,91,472,467],"area":220424,"segmentation":[[165,91,637,91,637,558,165,558]],"iscrowd":0},{"id":185,"image_id":95,"category_id":2,"bbox":[42,127,671,257],"area":172447,"segmentation":[[42,127,713,127,713,384,42,384]],"iscrowd":0},{"id":186,"image_id":96,"category_id":2,"bbox":[22,471,825,408],"area":336600,"segmentation":[[22,471,847,471,847,879,22,879]],"iscrowd":0},{"id":187,"image_id":96,"category_id":2,"bbox":[65,232,812,424],"area":344288,"segmentation":[[65,232,877,232,877,656,65,656]],"iscrowd":0},{"id":188,"image_id":96,"category_id":2,"bbox":[211,110,737,500],"area":368500,"segmentation":[[211,110,948,110,948,610,211,610]],"iscrowd":0},{"id":189,"image_id":97,"category_id":3,"bbox":[555,177,394,381],"area":150114,"segmentation":[[555,177,949,177,949,558,555,558]],"iscrowd":0},{"id":190,"image_id":97,"category_id":1,"bbox":[72,163,401,386],"area":154786,"segmentation":[[72,163,473,163,473,549,72,549]],"iscrowd":0},{"id":191,"image_id":97,"category_id":2,"bbox":[176,603,681,362],"area":246522,"segmentation":[[176,603,857,603,857,965,176,965]],"iscrowd":0},{"id":192,"image_id":98,"category_id":3,"bbox":[55,112,222,219],"area":48618,"segmentation":[[55,112,277,112,277,331,55,331]],"iscrowd":0},{"id":193,"image_id":98,"category_id":3,"bbox":[212,97,200,222],"area":44400,"segmentation":[[212,97,412,97,412,319,212,319]],"iscrowd":0},{"id":194,"image_id":99,"category_id":1,"bbox":[154,104,298,331],"area":98638,"segmentation":[[154,104,452,104,452,435,154,435]],"iscrowd":0},{"id":195,"image_id":100,"category_id":3,"bbox":[42,56,100,103],"area":10300,"segmentation":[[42,56,142,56,142,159,42,159]],"iscrowd":0},{"id":196,"image_id":100,"category_id":3,"bbox":[147,61,101,100],"area":10100,"segmentation":[[147,61,248,61,248,161,147,161]],"iscrowd":0},{"id":197,"image_id":101,"category_id":3,"bbox":[41,40,151,141],"area":21291,"segmentation":[[41,40,192,40,192,181,41,181]],"iscrowd":0},{"id":198,"image_id":101,"category_id":3,"bbox":[157,0,141,108],"area":15228,"segmentation":[[157,0,298,0,298,108,157,108]],"iscrowd":0},{"id":199,"image_id":101,"category_id":3,"bbox":[283,16,71,130],"area":9230,"segmentation":[[283,16,354,16,354,146,283,146]],"iscrowd":0},{"id":200,"image_id":101,"category_id":3,"bbox":[0,14,60,123],"area":7380,"segmentation":[[0,14,60,14,60,137,0,137]],"iscrowd":0},{"id":201,"image_id":101,"category_id":3,"bbox":[33,0,138,84],"area":11592,"segmentation":[[33,0,171,0,171,84,33,84]],"iscrowd":0},{"id":202,"image_id":102,"category_id":3,"bbox":[493,0,958,740],"area":708920,"segmentation":[[493,0,1451,0,1451,740,493,740]],"iscrowd":0},{"id":203,"image_id":102,"category_id":3,"bbox":[821,642,798,423],"area":337554,"segmentation":[[821,642,1619,642,1619,1065,821,1065]],"iscrowd":0},{"id":204,"image_id":103,"category_id":2,"bbox":[365,574,807,939],"area":757773,"segmentation":[[365,574,1172,574,1172,1513,365,1513]],"iscrowd":0},{"id":205,"image_id":103,"category_id":2,"bbox":[45,523,965,678],"area":654270,"segmentation":[[45,523,1010,523,1010,1201,45,1201]],"iscrowd":0},{"id":206,"image_id":103,"category_id":2,"bbox":[0,398,898,490],"area":440020,"segmentation":[[0,398,898,398,898,888,0,888]],"iscrowd":0},{"id":207,"image_id":103,"category_id":2,"bbox":[163,211,781,579],"area":452199,"segmentation":[[163,211,944,211,944,790,163,790]],"iscrowd":0},{"id":208,"image_id":104,"category_id":1,"bbox":[514,256,233,267],"area":62211,"segmentation":[[514,256,747,256,747,523,514,523]],"iscrowd":0},{"id":209,"image_id":104,"category_id":1,"bbox":[338,344,239,224],"area":53536,"segmentation":[[338,344,577,344,577,568,338,568]],"iscrowd":0},{"id":210,"image_id":104,"category_id":1,"bbox":[9,238,204,232],"area":47328,"segmentation":[[9,238,213,238,213,470,9,470]],"iscrowd":0},{"id":211,"image_id":104,"category_id":1,"bbox":[192,190,230,215],"area":49450,"segmentation":[[192,190,422,190,422,405,192,405]],"iscrowd":0},{"id":212,"image_id":104,"category_id":1,"bbox":[441,175,193,151],"area":29143,"segmentation":[[441,175,634,175,634,326,441,326]],"iscrowd":0},{"id":213,"image_id":104,"category_id":1,"bbox":[300,21,232,194],"area":45008,"segmentation":[[300,21,532,21,532,215,300,215]],"iscrowd":0},{"id":214,"image_id":104,"category_id":1,"bbox":[534,54,165,165],"area":27225,"segmentation":[[534,54,699,54,699,219,534,219]],"iscrowd":0},{"id":215,"image_id":105,"category_id":1,"bbox":[45,58,351,373],"area":130923,"segmentation":[[45,58,396,58,396,431,45,431]],"iscrowd":0},{"id":216,"image_id":105,"category_id":1,"bbox":[362,82,407,431],"area":175417,"segmentation":[[362,82,769,82,769,513,362,513]],"iscrowd":0},{"id":217,"image_id":106,"category_id":1,"bbox":[63,83,420,373],"area":156660,"segmentation":[[63,83,483,83,483,456,63,456]],"iscrowd":0},{"id":218,"image_id":106,"category_id":1,"bbox":[549,43,300,312],"area":93600,"segmentation":[[549,43,849,43,849,355,549,355]],"iscrowd":0},{"id":219,"image_id":106,"category_id":1,"bbox":[196,0,362,272],"area":98464,"segmentation":[[196,0,558,0,558,272,196,272]],"iscrowd":0},{"id":220,"image_id":107,"category_id":3,"bbox":[144,35,276,250],"area":69000,"segmentation":[[144,35,420,35,420,285,144,285]],"iscrowd":0},{"id":221,"image_id":108,"category_id":3,"bbox":[165,91,472,467],"area":220424,"segmentation":[[165,91,637,91,637,558,165,558]],"iscrowd":0},{"id":222,"image_id":109,"category_id":2,"bbox":[2,60,339,202],"area":68478,"segmentation":[[2,60,341,60,341,262,2,262]],"iscrowd":0},{"id":223,"image_id":110,"category_id":2,"bbox":[74,20,488,307],"area":149816,"segmentation":[[74,20,562,20,562,327,74,327]],"iscrowd":0},{"id":224,"image_id":111,"category_id":3,"bbox":[57,136,209,221],"area":46189,"segmentation":[[57,136,266,136,266,357,57,357]],"iscrowd":0},{"id":225,"image_id":111,"category_id":3,"bbox":[259,98,205,252],"area":51660,"segmentation":[[259,98,464,98,464,350,259,350]],"iscrowd":0},{"id":226,"image_id":111,"category_id":3,"bbox":[135,0,219,170],"area":37230,"segmentation":[[135,0,354,0,354,170,135,170]],"iscrowd":0},{"id":227,"image_id":112,"category_id":2,"bbox":[84,137,468,214],"area":100152,"segmentation":[[84,137,552,137,552,351,84,351]],"iscrowd":0},{"id":228,"image_id":113,"category_id":2,"bbox":[94,62,502,203],"area":101906,"segmentation":[[94,62,596,62,596,265,94,265]],"iscrowd":0},{"id":229,"image_id":114,"category_id":2,"bbox":[28,10,217,337],"area":73129,"segmentation":[[28,10,245,10,245,347,28,347]],"iscrowd":0},{"id":230,"image_id":115,"category_id":1,"bbox":[42,134,176,189],"area":33264,"segmentation":[[42,134,218,134,218,323,42,323]],"iscrowd":0},{"id":231,"image_id":116,"category_id":3,"bbox":[0,122,129,176],"area":22704,"segmentation":[[0,122,129,122,129,298,0,298]],"iscrowd":0},{"id":232,"image_id":116,"category_id":3,"bbox":[378,0,179,143],"area":25597,"segmentation":[[378,0,557,0,557,143,378,143]],"iscrowd":0},{"id":233,"image_id":117,"category_id":3,"bbox":[705,256,734,721],"area":529214,"segmentation":[[705,256,1439,256,1439,977,705,977]],"iscrowd":0},{"id":234,"image_id":117,"category_id":3,"bbox":[171,180,688,662],"area":455456,"segmentation":[[171,180,859,180,859,842,171,842]],"iscrowd":0},{"id":235,"image_id":118,"category_id":3,"bbox":[102,103,121,143],"area":17303,"segmentation":[[102,103,223,103,223,246,102,246]],"iscrowd":0},{"id":236,"image_id":118,"category_id":3,"bbox":[96,0,106,114],"area":12084,"segmentation":[[96,0,202,0,202,114,96,114]],"iscrowd":0},{"id":237,"image_id":118,"category_id":3,"bbox":[0,61,130,125],"area":16250,"segmentation":[[0,61,130,61,130,186,0,186]],"iscrowd":0},{"id":238,"image_id":118,"category_id":3,"bbox":[0,1,110,68],"area":7480,"segmentation":[[0,1,110,1,110,69,0,69]],"iscrowd":0},{"id":239,"image_id":118,"category_id":3,"bbox":[29,200,122,49],"area":5978,"segmentation":[[29,200,151,200,151,249,29,249]],"iscrowd":0},{"id":240,"image_id":119,"category_id":2,"bbox":[200,47,426,331],"area":141006,"segmentation":[[200,47,626,47,626,378,200,378]],"iscrowd":0},{"id":241,"image_id":120,"category_id":3,"bbox":[51,6,122,123],"area":15006,"segmentation":[[51,6,173,6,173,129,51,129]],"iscrowd":0},{"id":242,"image_id":120,"category_id":3,"bbox":[138,4,136,144],"area":19584,"segmentation":[[138,4,274,4,274,148,138,148]],"iscrowd":0},{"id":243,"image_id":121,"category_id":2,"bbox":[269,2,387,193],"area":74691,"segmentation":[[269,2,656,2,656,195,269,195]],"iscrowd":0},{"id":244,"image_id":121,"category_id":2,"bbox":[36,74,149,162],"area":24138,"segmentation":[[36,74,185,74,185,236,36,236]],"iscrowd":0},{"id":245,"image_id":121,"category_id":2,"bbox":[123,121,542,189],"area":102438,"segmentation":[[123,121,665,121,665,310,123,310]],"iscrowd":0},{"id":246,"image_id":122,"category_id":3,"bbox":[150,71,393,402],"area":157986,"segmentation":[[150,71,543,71,543,473,150,473]],"iscrowd":0},{"id":247,"image_id":123,"category_id":3,"bbox":[75,68,336,370],"area":124320,"segmentation":[[75,68,411,68,411,438,75,438]],"iscrowd":0},{"id":248,"image_id":123,"category_id":3,"bbox":[429,57,329,322],"area":105938,"segmentation":[[429,57,758,57,758,379,429,379]],"iscrowd":0},{"id":249,"image_id":124,"category_id":3,"bbox":[3,70,362,327],"area":118374,"segmentation":[[3,70,365,70,365,397,3,397]],"iscrowd":0},{"id":250,"image_id":125,"category_id":1,"bbox":[53,71,550,552],"area":303600,"segmentation":[[53,71,603,71,603,623,53,623]],"iscrowd":0},{"id":251,"image_id":125,"category_id":1,"bbox":[445,77,441,468],"area":206388,"segmentation":[[445,77,886,77,886,545,445,545]],"iscrowd":0},{"id":252,"image_id":125,"category_id":1,"bbox":[682,87,277,399],"area":110523,"segmentation":[[682,87,959,87,959,486,682,486]],"iscrowd":0},{"id":253,"image_id":126,"category_id":3,"bbox":[44,56,169,155],"area":26195,"segmentation":[[44,56,213,56,213,211,44,211]],"iscrowd":0},{"id":254,"image_id":126,"category_id":3,"bbox":[163,48,160,163],"area":26080,"segmentation":[[163,48,323,48,323,211,163,211]],"iscrowd":0},{"id":255,"image_id":126,"category_id":3,"bbox":[225,1,142,141],"area":20022,"segmentation":[[225,1,367,1,367,142,225,142]],"iscrowd":0},{"id":256,"image_id":127,"category_id":2,"bbox":[372,103,141,241],"area":33981,"segmentation":[[372,103,513,103,513,344,372,344]],"iscrowd":0},{"id":257,"image_id":127,"category_id":2,"bbox":[297,92,84,261],"area":21924,"segmentation":[[297,92,381,92,381,353,297,353]],"iscrowd":0},{"id":258,"image_id":127,"category_id":2,"bbox":[218,109,73,239],"area":17447,"segmentation":[[218,109,291,109,291,348,218,348]],"iscrowd":0},{"id":259,"image_id":127,"category_id":2,"bbox":[120,116,95,237],"area":22515,"segmentation":[[120,116,215,116,215,353,120,353]],"iscrowd":0},{"id":260,"image_id":128,"category_id":1,"bbox":[86,264,607,603],"area":366021,"segmentation":[[86,264,693,264,693,867,86,867]],"iscrowd":0},{"id":261,"image_id":129,"category_id":1,"bbox":[111,143,61,67],"area":4087,"segmentation":[[111,143,172,143,172,210,111,210]],"iscrowd":0},{"id":262,"image_id":129,"category_id":1,"bbox":[249,139,72,75],"area":5400,"segmentation":[[249,139,321,139,321,214,249,214]],"iscrowd":0},{"id":263,"image_id":130,"category_id":1,"bbox":[552,119,679,748],"area":507892,"segmentation":[[552,119,1231,119,1231,867,552,867]],"iscrowd":0},{"id":264,"image_id":131,"category_id":2,"bbox":[59,84,2732,2483],"area":6783556,"segmentation":[[59,84,2791,84,2791,2567,59,2567]],"iscrowd":0},{"id":265,"image_id":132,"category_id":2,"bbox":[179,160,467,275],"area":128425,"segmentation":[[179,160,646,160,646,435,179,435]],"iscrowd":0},{"id":266,"image_id":132,"category_id":2,"bbox":[189,99,433,230],"area":99590,"segmentation":[[189,99,622,99,622,329,189,329]],"iscrowd":0},{"id":267,"image_id":133,"category_id":2,"bbox":[145,12,1313,1067],"area":1400971,"segmentation":[[145,12,1458,12,1458,1079,145,1079]],"iscrowd":0},{"id":268,"image_id":134,"category_id":1,"bbox":[69,24,220,201],"area":44220,"segmentation":[[69,24,289,24,289,225,69,225]],"iscrowd":0},{"id":269,"image_id":134,"category_id":1,"bbox":[34,216,218,236],"area":51448,"segmentation":[[34,216,252,216,252,452,34,452]],"iscrowd":0},{"id":270,"image_id":134,"category_id":1,"bbox":[182,176,199,234],"area":46566,"segmentation":[[182,176,381,176,381,410,182,410]],"iscrowd":0},{"id":271,"image_id":134,"category_id":1,"bbox":[604,297,182,215],"area":39130,"segmentation":[[604,297,786,297,786,512,604,512]],"iscrowd":0},{"id":272,"image_id":134,"category_id":1,"bbox":[497,369,177,197],"area":34869,"segmentation":[[497,369,674,369,674,566,497,566]],"iscrowd":0},{"id":273,"image_id":134,"category_id":1,"bbox":[332,238,241,224],"area":53984,"segmentation":[[332,238,573,238,573,462,332,462]],"iscrowd":0},{"id":274,"image_id":134,"category_id":1,"bbox":[190,349,182,193],"area":35126,"segmentation":[[190,349,372,349,372,542,190,542]],"iscrowd":0},{"id":275,"image_id":134,"category_id":1,"bbox":[442,424,212,173],"area":36676,"segmentation":[[442,424,654,424,654,597,442,597]],"iscrowd":0},{"id":276,"image_id":135,"category_id":3,"bbox":[466,340,310,316],"area":97960,"segmentation":[[466,340,776,340,776,656,466,656]],"iscrowd":0},{"id":277,"image_id":135,"category_id":2,"bbox":[9,203,606,217],"area":131502,"segmentation":[[9,203,615,203,615,420,9,420]],"iscrowd":0},{"id":278,"image_id":135,"category_id":2,"bbox":[15,261,650,255],"area":165750,"segmentation":[[15,261,665,261,665,516,15,516]],"iscrowd":0},{"id":279,"image_id":135,"category_id":1,"bbox":[63,38,262,293],"area":76766,"segmentation":[[63,38,325,38,325,331,63,331]],"iscrowd":0},{"id":280,"image_id":136,"category_id":1,"bbox":[13,43,256,256],"area":65536,"segmentation":[[13,43,269,43,269,299,13,299]],"iscrowd":0},{"id":281,"image_id":137,"category_id":3,"bbox":[214,180,191,189],"area":36099,"segmentation":[[214,180,405,180,405,369,214,369]],"iscrowd":0},{"id":282,"image_id":137,"category_id":3,"bbox":[327,172,160,178],"area":28480,"segmentation":[[327,172,487,172,487,350,327,350]],"iscrowd":0},{"id":283,"image_id":138,"category_id":1,"bbox":[7,16,147,144],"area":21168,"segmentation":[[7,16,154,16,154,160,7,160]],"iscrowd":0},{"id":284,"image_id":139,"category_id":2,"bbox":[68,42,149,215],"area":32035,"segmentation":[[68,42,217,42,217,257,68,257]],"iscrowd":0},{"id":285,"image_id":140,"category_id":2,"bbox":[200,47,426,331],"area":141006,"segmentation":[[200,47,626,47,626,378,200,378]],"iscrowd":0},{"id":286,"image_id":141,"category_id":2,"bbox":[62,47,210,262],"area":55020,"segmentation":[[62,47,272,47,272,309,62,309]],"iscrowd":0},{"id":287,"image_id":142,"category_id":2,"bbox":[73,57,423,329],"area":139167,"segmentation":[[73,57,496,57,496,386,73,386]],"iscrowd":0},{"id":288,"image_id":143,"category_id":3,"bbox":[55,72,258,248],"area":63984,"segmentation":[[55,72,313,72,313,320,55,320]],"iscrowd":0},{"id":289,"image_id":143,"category_id":3,"bbox":[356,34,299,299],"area":89401,"segmentation":[[356,34,655,34,655,333,356,333]],"iscrowd":0},{"id":290,"image_id":144,"category_id":3,"bbox":[145,360,966,893],"area":862638,"segmentation":[[145,360,1111,360,1111,1253,145,1253]],"iscrowd":0},{"id":291,"image_id":145,"category_id":2,"bbox":[269,2,387,193],"area":74691,"segmentation":[[269,2,656,2,656,195,269,195]],"iscrowd":0},{"id":292,"image_id":145,"category_id":2,"bbox":[36,74,149,162],"area":24138,"segmentation":[[36,74,185,74,185,236,36,236]],"iscrowd":0},{"id":293,"image_id":145,"category_id":2,"bbox":[123,121,542,189],"area":102438,"segmentation":[[123,121,665,121,665,310,123,310]],"iscrowd":0},{"id":294,"image_id":146,"category_id":3,"bbox":[35,157,456,486],"area":221616,"segmentation":[[35,157,491,157,491,643,35,643]],"iscrowd":0},{"id":295,"image_id":147,"category_id":3,"bbox":[84,136,403,408],"area":164424,"segmentation":[[84,136,487,136,487,544,84,544]],"iscrowd":0},{"id":296,"image_id":148,"category_id":1,"bbox":[143,135,326,275],"area":89650,"segmentation":[[143,135,469,135,469,410,143,410]],"iscrowd":0},{"id":297,"image_id":149,"category_id":2,"bbox":[131,97,459,250],"area":114750,"segmentation":[[131,97,590,97,590,347,131,347]],"iscrowd":0},{"id":298,"image_id":150,"category_id":1,"bbox":[33,94,325,329],"area":106925,"segmentation":[[33,94,358,94,358,423,33,423]],"iscrowd":0},{"id":299,"image_id":150,"category_id":1,"bbox":[303,61,271,291],"area":78861,"segmentation":[[303,61,574,61,574,352,303,352]],"iscrowd":0},{"id":300,"image_id":151,"category_id":1,"bbox":[112,35,163,146],"area":23798,"segmentation":[[112,35,275,35,275,181,112,181]],"iscrowd":0},{"id":301,"image_id":151,"category_id":2,"bbox":[279,82,172,172],"area":29584,"segmentation":[[279,82,451,82,451,254,279,254]],"iscrowd":0},{"id":302,"image_id":151,"category_id":2,"bbox":[187,76,224,140],"area":31360,"segmentation":[[187,76,411,76,411,216,187,216]],"iscrowd":0},{"id":303,"image_id":151,"category_id":2,"bbox":[171,77,223,98],"area":21854,"segmentation":[[171,77,394,77,394,175,171,175]],"iscrowd":0},{"id":304,"image_id":152,"category_id":2,"bbox":[128,108,503,246],"area":123738,"segmentation":[[128,108,631,108,631,354,128,354]],"iscrowd":0},{"id":305,"image_id":153,"category_id":3,"bbox":[55,112,222,219],"area":48618,"segmentation":[[55,112,277,112,277,331,55,331]],"iscrowd":0},{"id":306,"image_id":153,"category_id":3,"bbox":[212,97,200,222],"area":44400,"segmentation":[[212,97,412,97,412,319,212,319]],"iscrowd":0},{"id":307,"image_id":154,"category_id":3,"bbox":[42,56,100,103],"area":10300,"segmentation":[[42,56,142,56,142,159,42,159]],"iscrowd":0},{"id":308,"image_id":154,"category_id":3,"bbox":[147,61,101,100],"area":10100,"segmentation":[[147,61,248,61,248,161,147,161]],"iscrowd":0},{"id":309,"image_id":155,"category_id":1,"bbox":[128,71,142,145],"area":20590,"segmentation":[[128,71,270,71,270,216,128,216]],"iscrowd":0},{"id":310,"image_id":155,"category_id":1,"bbox":[218,194,122,121],"area":14762,"segmentation":[[218,194,340,194,340,315,218,315]],"iscrowd":0},{"id":311,"image_id":155,"category_id":1,"bbox":[181,310,152,124],"area":18848,"segmentation":[[181,310,333,310,333,434,181,434]],"iscrowd":0},{"id":312,"image_id":155,"category_id":1,"bbox":[0,180,166,157],"area":26062,"segmentation":[[0,180,166,180,166,337,0,337]],"iscrowd":0},{"id":313,"image_id":155,"category_id":1,"bbox":[308,100,99,90],"area":8910,"segmentation":[[308,100,407,100,407,190,308,190]],"iscrowd":0},{"id":314,"image_id":155,"category_id":1,"bbox":[376,247,74,75],"area":5550,"segmentation":[[376,247,450,247,450,322,376,322]],"iscrowd":0},{"id":315,"image_id":155,"category_id":1,"bbox":[401,76,61,61],"area":3721,"segmentation":[[401,76,462,76,462,137,401,137]],"iscrowd":0},{"id":316,"image_id":155,"category_id":1,"bbox":[394,151,65,67],"area":4355,"segmentation":[[394,151,459,151,459,218,394,218]],"iscrowd":0},{"id":317,"image_id":156,"category_id":1,"bbox":[5,17,200,188],"area":37600,"segmentation":[[5,17,205,17,205,205,5,205]],"iscrowd":0},{"id":318,"image_id":157,"category_id":3,"bbox":[75,68,336,370],"area":124320,"segmentation":[[75,68,411,68,411,438,75,438]],"iscrowd":0},{"id":319,"image_id":157,"category_id":3,"bbox":[429,57,329,322],"area":105938,"segmentation":[[429,57,758,57,758,379,429,379]],"iscrowd":0},{"id":320,"image_id":158,"category_id":3,"bbox":[398,237,279,281],"area":78399,"segmentation":[[398,237,677,237,677,518,398,518]],"iscrowd":0},{"id":321,"image_id":158,"category_id":3,"bbox":[558,80,310,258],"area":79980,"segmentation":[[558,80,868,80,868,338,558,338]],"iscrowd":0},{"id":322,"image_id":158,"category_id":3,"bbox":[582,327,333,237],"area":78921,"segmentation":[[582,327,915,327,915,564,582,564]],"iscrowd":0},{"id":323,"image_id":159,"category_id":3,"bbox":[107,276,115,99],"area":11385,"segmentation":[[107,276,222,276,222,375,107,375]],"iscrowd":0},{"id":324,"image_id":159,"category_id":3,"bbox":[517,254,80,75],"area":6000,"segmentation":[[517,254,597,254,597,329,517,329]],"iscrowd":0},{"id":325,"image_id":159,"category_id":3,"bbox":[491,197,98,77],"area":7546,"segmentation":[[491,197,589,197,589,274,491,274]],"iscrowd":0},{"id":326,"image_id":159,"category_id":2,"bbox":[121,164,257,100],"area":25700,"segmentation":[[121,164,378,164,378,264,121,264]],"iscrowd":0},{"id":327,"image_id":159,"category_id":2,"bbox":[159,206,234,95],"area":22230,"segmentation":[[159,206,393,206,393,301,159,301]],"iscrowd":0},{"id":328,"image_id":159,"category_id":2,"bbox":[295,163,157,145],"area":22765,"segmentation":[[295,163,452,163,452,308,295,308]],"iscrowd":0},{"id":329,"image_id":159,"category_id":2,"bbox":[323,213,136,129],"area":17544,"segmentation":[[323,213,459,213,459,342,323,342]],"iscrowd":0},{"id":330,"image_id":159,"category_id":1,"bbox":[300,88,109,103],"area":11227,"segmentation":[[300,88,409,88,409,191,300,191]],"iscrowd":0},{"id":331,"image_id":159,"category_id":1,"bbox":[410,121,114,105],"area":11970,"segmentation":[[410,121,524,121,524,226,410,226]],"iscrowd":0},{"id":332,"image_id":160,"category_id":3,"bbox":[37,0,307,298],"area":91486,"segmentation":[[37,0,344,0,344,298,37,298]],"iscrowd":0},{"id":333,"image_id":161,"category_id":1,"bbox":[166,28,179,172],"area":30788,"segmentation":[[166,28,345,28,345,200,166,200]],"iscrowd":0},{"id":334,"image_id":162,"category_id":3,"bbox":[260,277,603,611],"area":368433,"segmentation":[[260,277,863,277,863,888,260,888]],"iscrowd":0},{"id":335,"image_id":163,"category_id":2,"bbox":[189,11,232,170],"area":39440,"segmentation":[[189,11,421,11,421,181,189,181]],"iscrowd":0},{"id":336,"image_id":163,"category_id":2,"bbox":[169,42,185,173],"area":32005,"segmentation":[[169,42,354,42,354,215,169,215]],"iscrowd":0},{"id":337,"image_id":163,"category_id":2,"bbox":[139,55,150,190],"area":28500,"segmentation":[[139,55,289,55,289,245,139,245]],"iscrowd":0},{"id":338,"image_id":163,"category_id":2,"bbox":[85,74,86,215],"area":18490,"segmentation":[[85,74,171,74,171,289,85,289]],"iscrowd":0},{"id":339,"image_id":164,"category_id":1,"bbox":[55,98,1357,1320],"area":1791240,"segmentation":[[55,98,1412,98,1412,1418,55,1418]],"iscrowd":0},{"id":340,"image_id":165,"category_id":3,"bbox":[555,177,394,381],"area":150114,"segmentation":[[555,177,949,177,949,558,555,558]],"iscrowd":0},{"id":341,"image_id":165,"category_id":1,"bbox":[72,163,401,386],"area":154786,"segmentation":[[72,163,473,163,473,549,72,549]],"iscrowd":0},{"id":342,"image_id":165,"category_id":2,"bbox":[176,603,681,362],"area":246522,"segmentation":[[176,603,857,603,857,965,176,965]],"iscrowd":0},{"id":343,"image_id":166,"category_id":2,"bbox":[73,57,423,329],"area":139167,"segmentation":[[73,57,496,57,496,386,73,386]],"iscrowd":0},{"id":344,"image_id":167,"category_id":1,"bbox":[94,226,167,177],"area":29559,"segmentation":[[94,226,261,226,261,403,94,403]],"iscrowd":0},{"id":345,"image_id":167,"category_id":1,"bbox":[228,218,177,157],"area":27789,"segmentation":[[228,218,405,218,405,375,228,375]],"iscrowd":0},{"id":346,"image_id":167,"category_id":1,"bbox":[168,127,179,169],"area":30251,"segmentation":[[168,127,347,127,347,296,168,296]],"iscrowd":0},{"id":347,"image_id":168,"category_id":2,"bbox":[161,49,148,304],"area":44992,"segmentation":[[161,49,309,49,309,353,161,353]],"iscrowd":0},{"id":348,"image_id":168,"category_id":2,"bbox":[80,15,139,332],"area":46148,"segmentation":[[80,15,219,15,219,347,80,347]],"iscrowd":0},{"id":349,"image_id":169,"category_id":2,"bbox":[37,173,557,234],"area":130338,"segmentation":[[37,173,594,173,594,407,37,407]],"iscrowd":0},{"id":350,"image_id":170,"category_id":1,"bbox":[57,123,1718,1786],"area":3068348,"segmentation":[[57,123,1775,123,1775,1909,57,1909]],"iscrowd":0},{"id":351,"image_id":171,"category_id":2,"bbox":[0,3,347,305],"area":105835,"segmentation":[[0,3,347,3,347,308,0,308]],"iscrowd":0},{"id":352,"image_id":172,"category_id":3,"bbox":[58,71,228,233],"area":53124,"segmentation":[[58,71,286,71,286,304,58,304]],"iscrowd":0},{"id":353,"image_id":173,"category_id":1,"bbox":[146,44,141,157],"area":22137,"segmentation":[[146,44,287,44,287,201,146,201]],"iscrowd":0},{"id":354,"image_id":173,"category_id":1,"bbox":[45,39,102,109],"area":11118,"segmentation":[[45,39,147,39,147,148,45,148]],"iscrowd":0},{"id":355,"image_id":173,"category_id":1,"bbox":[85,107,111,109],"area":12099,"segmentation":[[85,107,196,107,196,216,85,216]],"iscrowd":0},{"id":356,"image_id":174,"category_id":2,"bbox":[821,380,626,1138],"area":712388,"segmentation":[[821,380,1447,380,1447,1518,821,1518]],"iscrowd":0},{"id":357,"image_id":175,"category_id":1,"bbox":[303,104,469,334],"area":156646,"segmentation":[[303,104,772,104,772,438,303,438]],"iscrowd":0},{"id":358,"image_id":175,"category_id":1,"bbox":[2,39,472,399],"area":188328,"segmentation":[[2,39,474,39,474,438,2,438]],"iscrowd":0},{"id":359,"image_id":176,"category_id":3,"bbox":[221,60,178,178],"area":31684,"segmentation":[[221,60,399,60,399,238,221,238]],"iscrowd":0},{"id":360,"image_id":176,"category_id":1,"bbox":[28,74,168,143],"area":24024,"segmentation":[[28,74,196,74,196,217,28,217]],"iscrowd":0},{"id":361,"image_id":176,"category_id":2,"bbox":[87,291,312,124],"area":38688,"segmentation":[[87,291,399,291,399,415,87,415]],"iscrowd":0},{"id":362,"image_id":177,"category_id":3,"bbox":[25,68,578,512],"area":295936,"segmentation":[[25,68,603,68,603,580,25,580]],"iscrowd":0},{"id":363,"image_id":178,"category_id":3,"bbox":[49,97,198,191],"area":37818,"segmentation":[[49,97,247,97,247,288,49,288]],"iscrowd":0},{"id":364,"image_id":178,"category_id":3,"bbox":[213,74,169,173],"area":29237,"segmentation":[[213,74,382,74,382,247,213,247]],"iscrowd":0}]}